model,experiment,horizon,router,train_time_sec,inference_time_sec,MAE,RMSE,sMAPE,MSLE,P99_abs_error
GRU-LSTM,GRU_raw,1,atlanta,8.890530824661255,0.0014638900756835,233267200.0,292559178.2509424,97.64862060546876,25.663307189941406,702372288.0
GRU-LSTM,GRU_raw,6,atlanta,8.890530824661255,0.0014638900756835,279621856.0,346442400.8413374,102.53297424316406,23.79401588439941,743473344.0
GRU-LSTM,GRU_raw,12,atlanta,8.890530824661255,0.0014638900756835,282159040.0,368234274.9140725,98.99494934082033,13.180564880371094,940612288.0
GRU-LSTM,GRU_raw,24,atlanta,8.890530824661255,0.0014638900756835,294543296.0,411294621.3451327,124.46641540527344,19.25314712524414,1292120704.0
GRU-LSTM,GRU_mask_out,1,atlanta,9.134562492370604,0.0014729499816894,227326032.0,280834323.9719193,97.7081527709961,34.04338073730469,577808384.0
GRU-LSTM,GRU_mask_out,6,atlanta,9.134562492370604,0.0014729499816894,384055104.0,471819876.76146346,107.26019287109376,5.45318078994751,1135168896.0
GRU-LSTM,GRU_mask_out,12,atlanta,9.134562492370604,0.0014729499816894,313791616.0,413724880.25292015,101.6615982055664,8.886493682861328,962315456.0
GRU-LSTM,GRU_mask_out,24,atlanta,9.134562492370604,0.0014729499816894,269183744.0,368841917.9148699,119.4737548828125,18.611801147460938,1169953664.0
GRU-LSTM,GRU_score_as_feature,1,atlanta,8.791728973388672,0.0015599727630615,192816768.0,246742213.1832097,82.1017837524414,2.6360955238342285,710609792.0
GRU-LSTM,GRU_score_as_feature,6,atlanta,8.791728973388672,0.0015599727630615,293108000.0,414843066.358252,99.86174011230467,12.295992851257324,1158840576.0
GRU-LSTM,GRU_score_as_feature,12,atlanta,8.791728973388672,0.0015599727630615,292572832.0,411939048.7776535,100.1546859741211,7.653373718261719,1052211648.0
GRU-LSTM,GRU_score_as_feature,24,atlanta,8.791728973388672,0.0015599727630615,397631008.0,491916656.0604468,124.60511016845705,9.59641933441162,1145578752.0
GRU-LSTM,GRU_both,1,atlanta,9.1588876247406,0.0014805793762207,274862720.0,343898360.0189197,89.09098815917969,3.733832597732544,696689408.0
GRU-LSTM,GRU_both,6,atlanta,9.1588876247406,0.0014805793762207,279796256.0,405643424.7231138,96.5758056640625,18.764760971069336,1327497472.0
GRU-LSTM,GRU_both,12,atlanta,9.1588876247406,0.0014805793762207,312156992.0,406023188.04964304,112.81452178955078,19.518892288208008,879169088.0
GRU-LSTM,GRU_both,24,atlanta,9.1588876247406,0.0014805793762207,416574304.0,537831332.9402504,128.08285522460938,12.873912811279297,1242576128.0
SARIMA,SARIMA_raw,1,atlanta,7.127436876296997,0.0143406391143798,172292441.92160606,237332216.01125443,121.2154190608522,106.01152454833556,622129944.3116825
SARIMA,SARIMA_raw,6,atlanta,7.127436876296997,0.0143406391143798,170204666.80026686,236084487.76557192,128.1801516120862,110.8902354569309,622129944.3116825
SARIMA,SARIMA_raw,12,atlanta,7.127436876296997,0.0143406391143798,154761206.5915326,221892426.03994843,130.80925125164202,108.95391425734137,622129944.3116825
SARIMA,SARIMA_raw,24,atlanta,7.127436876296997,0.0143406391143798,162330069.45030013,219338476.0328264,145.58251905473142,108.87802490091312,559166051.74164
XGBoost,XGB_raw,1,atlanta,1.3021655082702637,0.0018327236175537,197041632.0,253671088.40939188,78.43485260009766,2.933065891265869,689053120.0
XGBoost,XGB_raw,6,atlanta,1.2098891735076904,0.0017993450164794,274342976.0,335212507.9393424,93.34932708740234,4.815478801727295,845523136.0
XGBoost,XGB_raw,12,atlanta,1.2236285209655762,0.0019001960754394,272233504.0,326024138.63433224,101.49588775634766,5.774536609649658,807216384.0
XGBoost,XGB_raw,24,atlanta,1.1966750621795654,0.0018496513366699,324033184.0,388135442.6270045,119.5816879272461,9.2728853225708,813500864.0
NBEATS,NBEATS_raw,1,atlanta,2.6060807704925537,2.824079990386963,130386118.00689656,174244353.4177849,71.41859206372743,4.406376913256471,540808565.4400002
NBEATS,NBEATS_raw,6,atlanta,2.6060807704925537,2.824079990386963,227931832.92413792,289213171.7283215,88.40342599469966,3.03205244742609,816040395.5200001
NBEATS,NBEATS_raw,12,atlanta,2.6060807704925537,2.824079990386963,297137416.46896553,361601969.8218401,103.61556586121172,7.266475226897603,946392273.2800002
NBEATS,NBEATS_raw,24,atlanta,2.6060807704925537,2.824079990386963,174895261.2551724,242937508.3795193,95.1877898141433,7.212160237860796,825284443.5200002
NBEATS,NBEATS_mask_out,1,atlanta,2.5829017162323,2.802837371826172,121489964.59310344,168248071.82380003,65.81326375923638,2.814491001305077,531768191.6800001
NBEATS,NBEATS_mask_out,6,atlanta,2.5829017162323,2.802837371826172,240054929.2275862,306928734.12302226,89.75745739282317,3.084332949959616,875955177.9200004
NBEATS,NBEATS_mask_out,12,atlanta,2.5829017162323,2.802837371826172,285365718.8551724,352097354.25153375,101.43553903113347,4.024060256330876,845874109.7600001
NBEATS,NBEATS_mask_out,24,atlanta,2.5829017162323,2.802837371826172,175380143.32413793,237473830.4564391,94.84317589081104,4.469074705777071,803669664.0000001
TiDE,TiDE_raw,1,atlanta,1.3039557933807373,1.4204411506652832,144792256.64827585,174104801.77815428,75.52677459407857,1.5041026612010984,414567360.0000001
TiDE,TiDE_raw,6,atlanta,1.3039557933807373,1.4204411506652832,176208475.47586206,215041979.577734,82.96792993785715,2.7310823112420706,509481715.84
TiDE,TiDE_raw,12,atlanta,1.3039557933807373,1.4204411506652832,187766525.79310343,227650034.50422463,89.3842245582066,3.465067581986191,568017646.0800002
TiDE,TiDE_raw,24,atlanta,1.3039557933807373,1.4204411506652832,190939719.5586207,229026754.86637315,97.90216866041264,5.078884161829836,553868359.6800001
TiDE,TiDE_score_as_feature,1,atlanta,1.6121726036071775,1.7131352424621582,118932032.27586208,155014049.6756708,64.15641326437866,1.098602110039465,427611002.2400001
TiDE,TiDE_score_as_feature,6,atlanta,1.6121726036071775,1.7131352424621582,175589393.1862069,216679927.9405634,81.39466277989797,2.764311777077047,558980439.0400001
TiDE,TiDE_score_as_feature,12,atlanta,1.6121726036071775,1.7131352424621582,178587269.5172414,219331507.25923857,87.63435653002323,3.3235106066731714,568553898.24
TiDE,TiDE_score_as_feature,24,atlanta,1.6121726036071775,1.7131352424621582,194736792.99310344,232689029.0682359,98.15231036762664,5.250353551425402,497153667.2
TiDE,TiDE_mask_out,1,atlanta,1.3038525581359863,1.4099962711334229,146112097.6551724,176287405.19712478,76.23435481137591,1.5277373555308185,430400401.92000014
TiDE,TiDE_mask_out,6,atlanta,1.3038525581359863,1.4099962711334229,175492716.8,214779311.74259543,82.66329728240031,2.7256901548596018,496728023.04
TiDE,TiDE_mask_out,12,atlanta,1.3038525581359863,1.4099962711334229,188113049.6,227646119.2480212,89.46824598738678,3.465301413589178,563835248.6400001
TiDE,TiDE_mask_out,24,atlanta,1.3038525581359863,1.4099962711334229,192289960.11034483,229399366.54563496,98.21845814761822,5.108302896200493,562096140.8000001
TiDE,TiDE_both,1,atlanta,1.585679054260254,1.7305312156677246,118208750.28965518,155265019.22983378,64.07214509383206,1.0835021013698871,427871172.4800002
TiDE,TiDE_both,6,atlanta,1.585679054260254,1.7305312156677246,175942553.90344828,217114085.69329017,81.44355415494493,2.7693311624860324,564321831.6800001
TiDE,TiDE_both,12,atlanta,1.585679054260254,1.7305312156677246,181172868.08275864,220991499.60938823,88.25076115598833,3.354867086989465,567787792.6400001
TiDE,TiDE_both,24,atlanta,1.585679054260254,1.7305312156677246,189254365.07586208,226790708.29936257,97.39023653034636,5.170223310911026,497865989.12
GRU-LSTM,GRU_raw,1,batonrouge,8.640933275222778,0.0014324188232421,85727072.0,142117343.27658293,36.30004119873047,0.2283592075109481,477585952.0
GRU-LSTM,GRU_raw,6,batonrouge,8.640933275222778,0.0014324188232421,118154536.0,227436406.7111325,50.56120681762695,0.5115082859992981,1007199168.0
GRU-LSTM,GRU_raw,12,batonrouge,8.640933275222778,0.0014324188232421,127366048.0,226890922.9007584,60.00981903076172,0.9907657504081726,987189632.0
GRU-LSTM,GRU_raw,24,batonrouge,8.640933275222778,0.0014324188232421,143444832.0,240278554.2167412,79.25735473632812,5.301779270172119,998785728.0
GRU-LSTM,GRU_mask_out,1,batonrouge,8.523669719696045,0.0013949871063232,94260680.0,155175534.09676144,40.85261154174805,0.3328477144241333,498651648.0
GRU-LSTM,GRU_mask_out,6,batonrouge,8.523669719696045,0.0013949871063232,125922376.0,228509089.98010644,54.30293655395508,0.5575568675994873,992391872.0
GRU-LSTM,GRU_mask_out,12,batonrouge,8.523669719696045,0.0013949871063232,127209040.0,228432231.2108276,60.16569900512695,0.9912400245666504,991354688.0
GRU-LSTM,GRU_mask_out,24,batonrouge,8.523669719696045,0.0013949871063232,149633728.0,239400810.30034244,81.3155746459961,5.450155735015869,982347840.0
GRU-LSTM,GRU_score_as_feature,1,batonrouge,9.692915678024292,0.0014147758483886,86657144.0,144586422.67598015,38.68862533569336,0.282785028219223,533210176.0
GRU-LSTM,GRU_score_as_feature,6,batonrouge,9.692915678024292,0.0014147758483886,120533544.0,227875532.72616845,52.03469467163086,0.5376530885696411,994572800.0
GRU-LSTM,GRU_score_as_feature,12,batonrouge,9.692915678024292,0.0014147758483886,119080432.0,229199968.2933479,55.45076751708984,0.9056050181388856,1020301248.0
GRU-LSTM,GRU_score_as_feature,24,batonrouge,9.692915678024292,0.0014147758483886,140280112.0,240832396.8811739,78.53882598876953,5.195476531982422,1011696512.0
GRU-LSTM,GRU_both,1,batonrouge,9.39950942993164,0.0015203952789306,84947104.0,148419529.8224696,37.92380142211914,0.2932809591293335,534284192.0
GRU-LSTM,GRU_both,6,batonrouge,9.39950942993164,0.0015203952789306,122863496.0,241145489.41142613,53.15094757080078,0.766089141368866,1023217856.0
GRU-LSTM,GRU_both,12,batonrouge,9.39950942993164,0.0015203952789306,123268000.0,236713972.6510644,58.3060188293457,1.0057005882263184,1029870784.0
GRU-LSTM,GRU_both,24,batonrouge,9.39950942993164,0.0015203952789306,136762112.0,241654764.80143657,77.03276062011719,5.1771745681762695,1022975040.0
SARIMA,SARIMA_raw,1,batonrouge,4.991854906082153,0.0172557830810546,184705520.8470817,292618520.8259327,130.89220633265967,59.538120392284746,1131632604.766523
SARIMA,SARIMA_raw,6,batonrouge,4.991854906082153,0.0172557830810546,175544622.18801883,287467535.9250474,133.75040690642695,72.57936132575514,1131632604.766523
SARIMA,SARIMA_raw,12,batonrouge,4.991854906082153,0.0172557830810546,172082418.56179634,286646888.9947406,138.99616168059515,74.67337122207815,1131632604.766523
SARIMA,SARIMA_raw,24,batonrouge,4.991854906082153,0.0172557830810546,161961311.4364835,283783767.46373254,152.51043020935455,97.14847220991344,1131632604.766523
XGBoost,XGB_raw,1,batonrouge,1.3583228588104248,0.0019643306732177,106677688.0,184005219.5770172,42.44754409790039,0.3463042080402374,681563008.0
XGBoost,XGB_raw,6,batonrouge,1.319786787033081,0.0018088817596435,205470432.0,364462282.9125981,68.66571044921875,0.990748405456543,1134887040.0
XGBoost,XGB_raw,12,batonrouge,1.3046643733978271,0.0021617412567138,158047376.0,273937250.21636695,65.58991241455078,1.0872408151626587,992510656.0
XGBoost,XGB_raw,24,batonrouge,1.2884058952331543,0.0018901824951171,194015840.0,375931005.316693,87.37167358398438,5.7378339767456055,1229436416.0
NBEATS,NBEATS_raw,1,batonrouge,2.939744710922241,3.134297132492065,78099818.26206897,121544859.21913593,38.59967437914205,2.6600446544503145,463137095.3600001
NBEATS,NBEATS_raw,6,batonrouge,2.939744710922241,3.134297132492065,135455704.37241378,231114819.88208884,57.89359796494631,0.6519637560745365,960896335.0400008
NBEATS,NBEATS_raw,12,batonrouge,2.939744710922241,3.134297132492065,128314152.70344828,225498678.7215364,60.96854256790441,5.341450508629775,971670059.2000004
NBEATS,NBEATS_raw,24,batonrouge,2.939744710922241,3.134297132492065,179133756.96551725,260133791.67451325,89.88333247177648,3.702612791321651,1014260712.6400006
NBEATS,NBEATS_mask_out,1,batonrouge,2.767407178878784,2.992459774017334,78663698.4137931,121006744.81718414,38.13367342064428,0.2506936903628102,471033376.96000016
NBEATS,NBEATS_mask_out,6,batonrouge,2.767407178878784,2.992459774017334,140995633.10344827,234663177.1473878,59.664259192732885,0.6781332898930924,950289763.5200006
NBEATS,NBEATS_mask_out,12,batonrouge,2.767407178878784,2.992459774017334,131803872.33103448,226929298.7459702,62.37732098426405,3.136131385203785,991399032.0000004
NBEATS,NBEATS_mask_out,24,batonrouge,2.767407178878784,2.992459774017334,177848744.23448277,262624464.22352612,85.80724444596876,3.691406921614825,995562068.1600006
TiDE,TiDE_raw,1,batonrouge,1.5125455856323242,1.6267855167388916,134216207.52155171,208543261.4838681,59.49175693061252,3.212305448752964,783408679.0400002
TiDE,TiDE_raw,6,batonrouge,1.5125455856323242,1.6267855167388916,172386663.55172414,264818440.05414355,80.02494904789192,12.926026359446633,1014144227.5200005
TiDE,TiDE_raw,12,batonrouge,1.5125455856323242,1.6267855167388916,173358917.025,270868257.0253412,74.94585903826308,12.31691539467096,1063540200.0000004
TiDE,TiDE_raw,24,batonrouge,1.5125455856323242,1.6267855167388916,187162604.99310344,268276866.75781107,92.16659966744308,8.13814334841363,1010058160.3200004
TiDE,TiDE_score_as_feature,1,batonrouge,1.7125988006591797,1.8189435005187988,115158424.2112069,174135666.78363752,56.11488375895791,5.616803289300708,602666296.96
TiDE,TiDE_score_as_feature,6,batonrouge,1.7125988006591797,1.8189435005187988,163244611.07586208,261281162.273384,71.48810157568327,10.179232724163889,997586813.1200006
TiDE,TiDE_score_as_feature,12,batonrouge,1.7125988006591797,1.8189435005187988,179559199.86206895,278773482.3809334,75.9629002032941,6.240677342087123,1018021014.7200004
TiDE,TiDE_score_as_feature,24,batonrouge,1.7125988006591797,1.8189435005187988,194289132.15172413,268051137.38965225,97.13102110316476,10.809369075153796,941336035.5200005
TiDE,TiDE_mask_out,1,batonrouge,1.430044174194336,1.6218647956848145,133603040.4275862,208698880.55213064,59.148349069102736,5.46080855338687,788272361.6000003
TiDE,TiDE_mask_out,6,batonrouge,1.430044174194336,1.6218647956848145,171270856.09655172,262993573.53475145,78.24048760813793,12.799248574277586,1004988500.1600004
TiDE,TiDE_mask_out,12,batonrouge,1.430044174194336,1.6218647956848145,172678746.75862068,271095449.9877822,74.7122651822458,14.902878236232008,1063540200.0000004
TiDE,TiDE_mask_out,24,batonrouge,1.430044174194336,1.6218647956848145,186892420.38275865,266700455.7213604,91.98377424247457,8.102462253248182,1007286299.8400004
TiDE,TiDE_both,1,batonrouge,1.8173227310180664,1.8998446464538568,115544224.83103448,174974198.3267523,57.24301545553795,7.882396783097326,605610281.6
TiDE,TiDE_both,6,batonrouge,1.8173227310180664,1.8998446464538568,163319625.35581896,261287164.55668384,71.25286928806165,8.016610552742648,996341286.0800006
TiDE,TiDE_both,12,batonrouge,1.8173227310180664,1.8998446464538568,179088386.8413793,278656530.68956286,74.52809159278769,6.173020891730361,1014518540.4800004
TiDE,TiDE_both,24,batonrouge,1.8173227310180664,1.8998446464538568,192069438.724138,266800008.4779313,96.64446638075574,10.805921594759551,948108505.2800004
GRU-LSTM,GRU_raw,1,boston,3.557501554489136,0.0016677379608154,48721456.0,75085811.01251832,132.19993591308594,20.918540954589844,183412640.0
GRU-LSTM,GRU_raw,6,boston,3.557501554489136,0.0016677379608154,51396260.0,64785422.94719034,146.24880981445312,5.63458251953125,160656512.0
GRU-LSTM,GRU_raw,12,boston,3.557501554489136,0.0016677379608154,51622072.0,61637285.21903346,150.59783935546875,6.718834400177002,118798824.0
GRU-LSTM,GRU_raw,24,boston,3.557501554489136,0.0016677379608154,37901332.0,49711612.89666598,143.07095336914062,18.956193923950195,114390920.0
GRU-LSTM,GRU_mask_out,1,boston,3.758643627166748,0.0015861988067626,21095722.0,26425257.575306244,120.4722900390625,3.9273324012756334,69114240.0
GRU-LSTM,GRU_mask_out,6,boston,3.758643627166748,0.0015861988067626,18662794.0,25901229.51345376,132.29750061035156,31.121551513671875,65296284.0
GRU-LSTM,GRU_mask_out,12,boston,3.758643627166748,0.0015861988067626,19771604.0,25107631.385333028,120.20490264892578,3.972430467605591,60001268.0
GRU-LSTM,GRU_mask_out,24,boston,3.758643627166748,0.0015861988067626,16753471.0,23600079.992314603,131.25918579101562,26.86557006835937,58237952.0
GRU-LSTM,GRU_score_as_feature,1,boston,3.470463514328003,0.0016758441925048,31079878.0,48369156.02951153,123.56088256835938,24.709157943725582,154270880.0
GRU-LSTM,GRU_score_as_feature,6,boston,3.470463514328003,0.0016758441925048,53829088.0,67906768.5751151,150.1214141845703,6.350611686706543,160303568.0
GRU-LSTM,GRU_score_as_feature,12,boston,3.470463514328003,0.0016758441925048,48897976.0,59262884.807062574,148.7447967529297,6.199809074401856,127252184.0
GRU-LSTM,GRU_score_as_feature,24,boston,3.470463514328003,0.0016758441925048,9811909.0,15610742.67122279,101.6219482421875,20.023361206054688,53904028.0
GRU-LSTM,GRU_both,1,boston,3.3627822399139404,0.0016326904296875,19418780.0,25690029.71415393,113.33480834960938,5.131926536560059,61999624.0
GRU-LSTM,GRU_both,6,boston,3.3627822399139404,0.0016326904296875,20453326.0,29248362.12628338,121.6633758544922,3.522496700286865,85447024.0
GRU-LSTM,GRU_both,12,boston,3.3627822399139404,0.0016326904296875,14748602.0,19319957.987439208,118.3719482421875,15.116558074951172,45127088.0
GRU-LSTM,GRU_both,24,boston,3.3627822399139404,0.0016326904296875,12962551.0,18959382.75861448,141.74847412109375,71.87984466552734,52645436.0
SARIMA,SARIMA_raw,1,boston,1.356584548950195,0.0145089626312255,18762805.35398235,25489311.24546345,113.76067492588548,2.530634424091468,70300885.87343109
SARIMA,SARIMA_raw,6,boston,1.356584548950195,0.0145089626312255,18686410.92094414,25423825.5142926,115.26464168739,2.6157925249508813,70300885.87343109
SARIMA,SARIMA_raw,12,boston,1.356584548950195,0.0145089626312255,19315805.10304744,26753034.07266716,117.18481684504918,2.828423615241616,82471711.49369885
SARIMA,SARIMA_raw,24,boston,1.356584548950195,0.0145089626312255,21087112.38844261,30001994.025985103,123.72133284208174,4.675564167664784,88443274.20781375
XGBoost,XGB_raw,1,boston,1.1563024520874023,0.0015609264373779,75167096.0,105541231.3329609,147.07858276367188,7.600461959838867,211565952.0
XGBoost,XGB_raw,6,boston,0.955697536468506,0.0014336109161376,83916680.0,114580690.77111854,154.8983154296875,7.482597351074219,217498112.0
XGBoost,XGB_raw,12,boston,0.9042270183563232,0.0028939247131347,90998024.0,110355200.35839704,159.851318359375,9.500897407531738,215274192.0
XGBoost,XGB_raw,24,boston,0.9536383152008056,0.0025050640106201,38779700.0,53386023.93526815,139.87893676757812,6.350351333618164,163009536.0
NBEATS,NBEATS_raw,1,boston,2.931229829788208,3.0988426208496094,6490171.122844827,11772488.636818442,64.17830317637492,20.735015501642,50792953.92000004
NBEATS,NBEATS_raw,6,boston,2.931229829788208,3.0988426208496094,11290254.992672414,16332492.142445296,84.2934723611161,4.8826263987727545,53062018.880000025
NBEATS,NBEATS_raw,12,boston,2.931229829788208,3.0988426208496094,7984645.961422414,12487618.720849542,74.60120254967893,4.115474433201071,36989219.68
NBEATS,NBEATS_raw,24,boston,2.931229829788208,3.0988426208496094,7102426.512715518,12530395.729366528,70.22446231375807,1.83851334082146,47394004.860000014
NBEATS,NBEATS_mask_out,1,boston,3.0073511600494385,3.099926471710205,7044002.151050647,13281129.7633801,68.60487245357157,22.360578084223103,56252279.04000001
NBEATS,NBEATS_mask_out,6,boston,3.0073511600494385,3.099926471710205,10374918.406896552,15335975.837322656,82.79135192882688,4.801991988370178,53994434.880000025
NBEATS,NBEATS_mask_out,12,boston,3.0073511600494385,3.099926471710205,7586383.427155172,12307719.46119238,67.2350798126208,5.398471637708479,41005948.16000002
NBEATS,NBEATS_mask_out,24,boston,3.0073511600494385,3.099926471710205,6381819.325215518,12407498.966505667,75.76289791534751,27.37345317597248,49537245.16
TiDE,TiDE_raw,1,boston,1.4186451435089111,1.476973533630371,12526589.789655171,16576755.297164364,84.9335198936824,2.1368885709905,52712401.60000001
TiDE,TiDE_raw,6,boston,1.4186451435089111,1.476973533630371,12849893.04137931,16522978.859936733,90.86323115320867,2.3418212977483543,51274020.80000001
TiDE,TiDE_raw,12,boston,1.4186451435089111,1.476973533630371,10320866.72413793,14050980.419038069,85.79595022632127,1.842529232822352,49159289.92
TiDE,TiDE_raw,24,boston,1.4186451435089111,1.476973533630371,10602063.606896551,14653386.54821101,93.8231849383838,2.746088105331874,49561205.76
TiDE,TiDE_score_as_feature,1,boston,1.672262191772461,1.7405860424041748,8685023.572413793,12455994.712413324,72.69621236164973,1.3894475518763432,45026475.52000002
TiDE,TiDE_score_as_feature,6,boston,1.672262191772461,1.7405860424041748,9356556.337931035,12831271.17005998,80.07609253307817,1.6469258672084894,48294393.6
TiDE,TiDE_score_as_feature,12,boston,1.672262191772461,1.7405860424041748,10387167.531034485,13885966.824712154,86.57451647489798,1.928247688556858,47946011.04000001
TiDE,TiDE_score_as_feature,24,boston,1.672262191772461,1.7405860424041748,10122102.58275862,14440333.366400784,90.80056511271027,2.5460139129755737,49178964.96
TiDE,TiDE_mask_out,1,boston,1.402186155319214,1.4697771072387695,14093141.493103448,18285730.00560136,89.06144750035313,2.4032588115564426,53512259.52000001
TiDE,TiDE_mask_out,6,boston,1.402186155319214,1.4697771072387695,13681615.806896552,17327975.03297735,92.73328822533982,2.533657645515951,50110342.72000001
TiDE,TiDE_mask_out,12,boston,1.402186155319214,1.4697771072387695,10647750.668965517,14253289.771158405,87.40654769869194,1.9174189100521903,48511599.04
TiDE,TiDE_mask_out,24,boston,1.402186155319214,1.4697771072387695,10878011.87586207,14872540.736364176,95.20437293056818,2.801495357381074,49915010.88
TiDE,TiDE_both,1,boston,1.6451938152313232,1.7378404140472412,9192779.048275862,12981220.784584966,75.358822103547,1.537512874018941,45586554.40000001
TiDE,TiDE_both,6,boston,1.6451938152313232,1.7378404140472412,9740906.7,13008273.584989998,81.69159645715604,1.7775377373453836,47432659.52
TiDE,TiDE_both,12,boston,1.6451938152313232,1.7378404140472412,10556011.244827583,14015033.180177918,87.41002960866865,1.9625958533772807,47908706.56
TiDE,TiDE_both,24,boston,1.6451938152313232,1.7378404140472412,10174741.196551723,14532520.197919922,90.9353343874603,2.547550134133932,49404629.76
GRU-LSTM,GRU_raw,1,dallas,9.36018967628479,0.0014071464538574,2158178304.0,2159697872.628808,172.95547485351562,7.732618808746338,2323506176.0
GRU-LSTM,GRU_raw,6,dallas,9.36018967628479,0.0014071464538574,4066076160.0,4075899482.405348,184.3018493652344,11.271519660949709,4418620416.0
GRU-LSTM,GRU_raw,12,dallas,9.36018967628479,0.0014071464538574,4048419840.0,4058426544.990616,184.05279541015625,11.290203094482422,4678614528.0
GRU-LSTM,GRU_raw,24,dallas,9.36018967628479,0.0014071464538574,4536454656.0,4577376185.516835,185.400390625,12.118234634399414,6112128512.0
GRU-LSTM,GRU_mask_out,1,dallas,9.406836032867432,0.0014467239379882,265372960.0,279340202.35880625,93.12809753417967,1.3381736278533936,447510688.0
GRU-LSTM,GRU_mask_out,6,dallas,9.406836032867432,0.0014467239379882,828277312.0,836240798.0928073,142.07518005371094,3.839480638504028,958417728.0
GRU-LSTM,GRU_mask_out,12,dallas,9.406836032867432,0.0014467239379882,454734112.0,467066460.3780277,116.63381958007812,2.306802272796631,571933632.0
GRU-LSTM,GRU_mask_out,24,dallas,9.406836032867432,0.0014467239379882,645840640.0,650001443.953979,132.63795471191406,3.16322660446167,839130944.0
GRU-LSTM,GRU_score_as_feature,1,dallas,9.103872060775757,0.001500129699707,172805728.0,198459845.795568,196.38624572753903,320.4059143066406,403871392.0
GRU-LSTM,GRU_score_as_feature,6,dallas,9.103872060775757,0.001500129699707,168620512.0,191483912.01694137,72.99810028076172,0.8800687789916992,350797984.0
GRU-LSTM,GRU_score_as_feature,12,dallas,9.103872060775757,0.001500129699707,127805080.0,161118380.00941613,80.73466491699219,9.49048137664795,367510560.0
GRU-LSTM,GRU_score_as_feature,24,dallas,9.103872060775757,0.001500129699707,783718336.0,799478947.5841476,139.1608428955078,3.7558536529541016,997109504.0
GRU-LSTM,GRU_both,1,dallas,9.117377281188965,0.0014851093292236,677030912.0,685564149.0639685,134.8018341064453,3.238566875457764,865937216.0
GRU-LSTM,GRU_both,6,dallas,9.117377281188965,0.0014851093292236,547023872.0,562004028.18261,124.24786376953124,2.726466655731201,738151936.0
GRU-LSTM,GRU_both,12,dallas,9.117377281188965,0.0014851093292236,1318468096.0,1324583671.605762,158.65640258789062,5.493786334991455,1481988992.0
GRU-LSTM,GRU_both,24,dallas,9.117377281188965,0.0014851093292236,1252399616.0,1257475121.3882823,157.09170532226562,5.370363712310791,1456675840.0
SARIMA,SARIMA_raw,1,dallas,3.902929544448853,0.0153307914733886,1424842091.1619804,1461214577.805653,160.88397637664718,5.750994541459307,1992125953.647502
SARIMA,SARIMA_raw,6,dallas,3.902929544448853,0.0153307914733886,1417625458.6775205,1452079476.5685382,160.58738940937906,5.660149952107635,1988861553.85637
SARIMA,SARIMA_raw,12,dallas,3.902929544448853,0.0153307914733886,1413291811.6381848,1447435434.8859198,160.5905360448997,5.648405045495977,1988861553.85637
SARIMA,SARIMA_raw,24,dallas,3.902929544448853,0.0153307914733886,1414557244.5310977,1449980305.6549847,160.33136078899423,5.768776669428046,1988861553.85637
XGBoost,XGB_raw,1,dallas,1.1833088397979736,0.0013773441314697,1425238784.0,1436228005.5468457,160.75076293945312,5.896311283111572,1625740672.0
XGBoost,XGB_raw,6,dallas,1.1805052757263184,0.0014624595642089,2159952896.0,2162668108.739556,172.38241577148438,7.708655834197998,2351138048.0
XGBoost,XGB_raw,12,dallas,1.1949748992919922,0.0013699531555175,1553751680.0,1559028971.3121743,163.7113494873047,6.172750473022461,1789069056.0
XGBoost,XGB_raw,24,dallas,1.195455551147461,0.0016436576843261,1924496896.0,1931449311.5584388,169.36610412597656,7.251130104064941,2299679232.0
NBEATS,NBEATS_raw,1,dallas,2.648277282714844,2.8622019290924072,109741901.29655172,125345503.43860903,57.83041248976439,0.5165349068059945,318444482.24
NBEATS,NBEATS_raw,6,dallas,2.648277282714844,2.8622019290924072,139936895.39310345,171361472.30330744,65.15951142619856,0.6682678013288497,530614290.88
NBEATS,NBEATS_raw,12,dallas,2.648277282714844,2.8622019290924072,175767831.11724138,218188360.59514084,72.96020035145227,0.9679717405024468,669851384.6400003
NBEATS,NBEATS_raw,24,dallas,2.648277282714844,2.8622019290924072,412192432.3862069,466780831.729158,109.64826469155588,2.024908908480833,1212578574.4000003
NBEATS,NBEATS_mask_out,1,dallas,2.7023813724517822,2.8329851627349854,105836622.9724138,153994844.10134724,62.02377509240399,0.9372860250057544,424357661.1200003
NBEATS,NBEATS_mask_out,6,dallas,2.7023813724517822,2.8329851627349854,204680394.75862068,264480450.81422985,77.04883503027882,1.101274068676639,891667925.7600002
NBEATS,NBEATS_mask_out,12,dallas,2.7023813724517822,2.8329851627349854,180325685.5724138,228886806.09042427,73.00437209046355,0.9658341874568992,722150825.6000004
NBEATS,NBEATS_mask_out,24,dallas,2.7023813724517822,2.8329851627349854,275581571.5862069,365969544.36393136,84.22824965257088,1.277131913945054,1058733865.28
TiDE,TiDE_raw,1,dallas,1.3433997631072998,1.453422784805298,142430289.32413793,161244256.20574543,67.76740571986569,0.7449219594876083,329691950.72
TiDE,TiDE_raw,6,dallas,1.3433997631072998,1.453422784805298,189308728.5517241,213271288.2658399,78.15380944216439,0.9913461519766356,444932616.6399999
TiDE,TiDE_raw,12,dallas,1.3433997631072998,1.453422784805298,264358773.3517241,283882168.5453148,92.50017411494504,1.3949384568843697,428951720.6400002
TiDE,TiDE_raw,24,dallas,1.3433997631072998,1.453422784805298,366443745.1586207,373265975.7805629,108.54331254734062,1.9130752705472969,520247460.16000015
TiDE,TiDE_score_as_feature,1,dallas,1.6020092964172363,1.7385289669036863,100723630.95172414,120032981.83082633,53.04140818779037,0.4431746040327406,257279859.20000008
TiDE,TiDE_score_as_feature,6,dallas,1.6020092964172363,1.7385289669036863,157893704.66206896,180815191.0887337,70.03591855198088,0.7656556356740911,431084675.5200003
TiDE,TiDE_score_as_feature,12,dallas,1.6020092964172363,1.7385289669036863,239746909.62758625,257372462.30942345,88.8397977152107,1.2573390458852187,372304649.92
TiDE,TiDE_score_as_feature,24,dallas,1.6020092964172363,1.7385289669036863,384837627.4206896,399101707.0042544,109.6276985411382,2.064202684896079,572996341.44
TiDE,TiDE_mask_out,1,dallas,1.33298659324646,1.4313199520111084,129430558.12413794,146030639.49716526,64.10760278134656,0.6467236148417989,309849994.88000005
TiDE,TiDE_mask_out,6,dallas,1.33298659324646,1.4313199520111084,187021285.5724138,210575828.95271832,77.73450458272822,0.9855698941709292,448123714.5599999
TiDE,TiDE_mask_out,12,dallas,1.33298659324646,1.4313199520111084,265299206.56551725,286181034.2046484,92.4683891464689,1.4046360927907655,438680435.5199999
TiDE,TiDE_mask_out,24,dallas,1.33298659324646,1.4313199520111084,358582878.9517241,365581941.9336973,107.53646730252947,1.8756271320313649,512067092.8000001
TiDE,TiDE_both,1,dallas,1.58185076713562,1.7166380882263184,112024971.5862069,130592123.83684008,57.27080612815571,0.5171528004893213,283417105.9200001
TiDE,TiDE_both,6,dallas,1.58185076713562,1.7166380882263184,152794847.50344828,176715302.46670777,68.73693508286769,0.7473865508254524,432295268.8000002
TiDE,TiDE_both,12,dallas,1.58185076713562,1.7166380882263184,257217950.51034483,273859405.5270817,91.9835881839772,1.347497807896773,396213329.6
TiDE,TiDE_both,24,dallas,1.58185076713562,1.7166380882263184,392561381.79310346,406718753.0363687,110.52421821118747,2.102859860530637,574379366.4
GRU-LSTM,GRU_raw,1,elpaso,8.895663738250732,0.0013263225555419,73526712.0,94432250.88660674,69.74287414550781,2.6003975868225098,272997312.0
GRU-LSTM,GRU_raw,6,elpaso,8.895663738250732,0.0013263225555419,140754864.0,216698854.5669393,85.7547836303711,5.366949081420898,718512128.0
GRU-LSTM,GRU_raw,12,elpaso,8.895663738250732,0.0013263225555419,125733336.0,187985061.0384124,88.160400390625,6.341207504272461,580245120.0
GRU-LSTM,GRU_raw,24,elpaso,8.895663738250732,0.0013263225555419,75644496.0,100754587.93682608,104.02513885498048,23.93111801147461,294038464.0
GRU-LSTM,GRU_mask_out,1,elpaso,8.896000862121582,0.0013155937194824,65094176.0,79392069.69264172,66.45013427734375,2.152637243270874,168701152.0
GRU-LSTM,GRU_mask_out,6,elpaso,8.896000862121582,0.0013155937194824,97954856.0,119973614.03454491,82.01468658447266,4.344058513641357,253641168.0
GRU-LSTM,GRU_mask_out,12,elpaso,8.896000862121582,0.0013155937194824,76400416.0,96142663.36337242,90.39028930664062,3.7292206287384033,243172208.0
GRU-LSTM,GRU_mask_out,24,elpaso,8.896000862121582,0.0013155937194824,76050480.0,101835684.80692557,102.43753051757812,5.384284496307373,303039872.0
GRU-LSTM,GRU_score_as_feature,1,elpaso,8.974283933639526,0.0013518333435058,70076504.0,82660132.94263802,70.62446594238281,2.270364999771118,179202928.0
GRU-LSTM,GRU_score_as_feature,6,elpaso,8.974283933639526,0.0013518333435058,86781232.0,104240184.20596342,83.95917510986328,3.449655532836914,268507136.0
GRU-LSTM,GRU_score_as_feature,12,elpaso,8.974283933639526,0.0013518333435058,75579360.0,89095773.20975499,86.74137878417969,4.154189109802246,156983904.0
GRU-LSTM,GRU_score_as_feature,24,elpaso,8.974283933639526,0.0013518333435058,75105664.0,90419509.40286814,103.46454620361328,5.798774242401123,209386416.0
GRU-LSTM,GRU_both,1,elpaso,9.03183913230896,0.0014121532440185,71850672.0,89032739.40293272,71.4792709350586,2.029313802719116,218434256.0
GRU-LSTM,GRU_both,6,elpaso,9.03183913230896,0.0014121532440185,102654704.0,128016700.36692208,87.73052978515625,3.5334997177124023,353167264.0
GRU-LSTM,GRU_both,12,elpaso,9.03183913230896,0.0014121532440185,100727112.0,126426439.30916704,103.52853393554688,4.311127185821533,327857760.0
GRU-LSTM,GRU_both,24,elpaso,9.03183913230896,0.0014121532440185,76646032.0,96123133.75792648,108.48934936523438,16.997554779052734,228890160.0
SARIMA,SARIMA_raw,1,elpaso,3.462491273880005,0.0129132270812988,69864276.49341232,89353577.6061978,69.63940103585864,2.592432487703851,249736668.6836924
SARIMA,SARIMA_raw,6,elpaso,3.462491273880005,0.0129132270812988,71762202.39259118,90569418.6217524,76.81893289887508,3.4581553587514966,249736668.6836924
SARIMA,SARIMA_raw,12,elpaso,3.462491273880005,0.0129132270812988,69857952.51313624,88847724.07059948,83.354456422867,4.165024506374394,249736668.6836924
SARIMA,SARIMA_raw,24,elpaso,3.462491273880005,0.0129132270812988,83250225.86392494,104544838.02346066,103.85367989553012,6.531457394109075,258207715.70573217
XGBoost,XGB_raw,1,elpaso,1.3063242435455322,0.0014142990112304,49983884.0,63718458.7082092,59.20998001098633,1.9739537239074707,150540112.0
XGBoost,XGB_raw,6,elpaso,1.5592632293701172,0.0017247200012207,86645448.0,111229454.39407028,77.59063720703125,4.175581932067871,311121248.0
XGBoost,XGB_raw,12,elpaso,1.2231323719024658,0.0014178752899169,85516872.0,106014451.73994844,87.01850891113281,4.883057117462158,243479472.0
XGBoost,XGB_raw,24,elpaso,1.225904941558838,0.0015735626220703,107727040.0,140938813.49760893,109.77181243896484,7.155206680297852,518266336.0
NBEATS,NBEATS_raw,1,elpaso,2.6912591457366943,2.843008041381836,37102452.68275862,50335278.99427548,45.08530931855751,3.974314338574138,145631315.20000002
NBEATS,NBEATS_raw,6,elpaso,2.6912591457366943,2.843008041381836,46435566.02758621,58877888.30755608,55.27872763549645,1.7883937627857724,149484327.36000004
NBEATS,NBEATS_raw,12,elpaso,2.6912591457366943,2.843008041381836,60123121.12413793,74920830.49962024,67.73010117441025,2.556432654540276,214134579.2
NBEATS,NBEATS_raw,24,elpaso,2.6912591457366943,2.843008041381836,67697072.09655173,84495159.29238059,82.03980728167582,5.506347515554885,230748931.20000005
NBEATS,NBEATS_mask_out,1,elpaso,2.6599373817443848,2.7924585342407227,39885120.0137931,51380330.60603053,45.17628161703624,0.9999562455118606,138988380.16000012
NBEATS,NBEATS_mask_out,6,elpaso,2.6599373817443848,2.7924585342407227,50248226.64827586,62269704.91864391,57.0904279205178,1.8181504369421648,158970032.96000004
NBEATS,NBEATS_mask_out,12,elpaso,2.6599373817443848,2.7924585342407227,60926506.10344828,76550136.74588354,67.0148758500348,2.656979297009705,206589494.72
NBEATS,NBEATS_mask_out,24,elpaso,2.6599373817443848,2.7924585342407227,67148821.6762931,87078996.82942657,78.61908561971386,4.226061663493433,274690572.1600001
TiDE,TiDE_raw,1,elpaso,1.353696584701538,1.4795255661010742,62387599.22758621,70100930.49583578,62.51018126940369,1.336397307184769,136919521.60000002
TiDE,TiDE_raw,6,elpaso,1.353696584701538,1.4795255661010742,64279103.55862069,73856741.36845551,65.67613513919989,2.185090167216048,152004740.16
TiDE,TiDE_raw,12,elpaso,1.353696584701538,1.4795255661010742,67367091.46206896,77400841.81404184,71.7159532166136,2.879112928292108,162857325.44
TiDE,TiDE_raw,24,elpaso,1.353696584701538,1.4795255661010742,65978932.68965517,78392269.79600233,79.50845693026135,4.346929583851057,181662231.68
TiDE,TiDE_score_as_feature,1,elpaso,1.5969583988189695,1.7690331935882568,56176853.5862069,70600952.88160554,57.98339545525486,1.0387242984165848,154790380.8
TiDE,TiDE_score_as_feature,6,elpaso,1.5969583988189695,1.7690331935882568,60642971.862068966,70033308.87948227,62.46589425609665,2.177508088503338,152500379.52
TiDE,TiDE_score_as_feature,12,elpaso,1.5969583988189695,1.7690331935882568,60284284.74482758,73050063.99890769,66.31302194203836,2.8806374874752043,182904830.7200001
TiDE,TiDE_score_as_feature,24,elpaso,1.5969583988189695,1.7690331935882568,69946611.9724138,81847048.0073028,81.36545786528849,4.4998451917586975,175900484.16000003
TiDE,TiDE_mask_out,1,elpaso,1.328171968460083,1.468918800354004,61860725.5724138,69683435.79245083,62.14623380962741,1.3334004572291116,136583031.36
TiDE,TiDE_mask_out,6,elpaso,1.328171968460083,1.468918800354004,64164814.45517241,73662730.32023549,65.58259825724978,2.18815281045301,151142308.16
TiDE,TiDE_mask_out,12,elpaso,1.328171968460083,1.468918800354004,67614994.46896552,77627088.59502964,71.77163087612317,2.8954034069882058,164424960.0
TiDE,TiDE_mask_out,24,elpaso,1.328171968460083,1.468918800354004,66645573.29655173,78711088.50313886,79.97782231903203,4.351624658444032,179933235.20000002
TiDE,TiDE_both,1,elpaso,1.584686040878296,1.7687594890594482,56466872.88275862,70689725.52793701,58.23395467021146,1.0673675575579025,154907245.44000003
TiDE,TiDE_both,6,elpaso,1.584686040878296,1.7687594890594482,59960235.862068966,69411732.36127903,62.007053385890856,2.175880318862755,155851093.76000002
TiDE,TiDE_both,12,elpaso,1.584686040878296,1.7687594890594482,60592934.0137931,73073341.51070267,66.5804600986643,2.879818155525114,182843632.0000001
TiDE,TiDE_both,24,elpaso,1.584686040878296,1.7687594890594482,70546789.84827586,81988307.71284531,81.87953957717842,4.49476765991446,173789381.44000003
GRU-LSTM,GRU_raw,1,jackson,9.735965251922607,0.0018105506896972,61064840.0,79447544.91083999,113.28605651855467,20.739294052124023,195876720.0
GRU-LSTM,GRU_raw,6,jackson,9.735965251922607,0.0018105506896972,146929152.0,209262307.7763951,150.17446899414062,52.82149887084961,520792544.0
GRU-LSTM,GRU_raw,12,jackson,9.735965251922607,0.0018105506896972,204580512.0,274099366.56181735,144.06326293945312,10.143259048461914,600926912.0
GRU-LSTM,GRU_raw,24,jackson,9.735965251922607,0.0018105506896972,226326544.0,286911024.3622975,158.8280029296875,14.050399780273438,628124928.0
GRU-LSTM,GRU_mask_out,1,jackson,9.025585889816284,0.0014662742614746,47149628.0,61537518.819272,128.7437286376953,61.73696899414063,144398368.0
GRU-LSTM,GRU_mask_out,6,jackson,9.025585889816284,0.0014662742614746,384676736.0,418550249.6477833,167.76016235351562,13.366966247558594,669678912.0
GRU-LSTM,GRU_mask_out,12,jackson,9.025585889816284,0.0014662742614746,187157200.0,219496765.3579851,147.09043884277344,11.527945518493652,466377984.0
GRU-LSTM,GRU_mask_out,24,jackson,9.025585889816284,0.0014662742614746,119352816.0,152103952.23837423,145.7655029296875,25.976449966430664,421967232.0
GRU-LSTM,GRU_score_as_feature,1,jackson,9.9725022315979,0.0016756057739257,37623972.0,49008386.502645686,114.15750885009766,46.66928863525391,114727408.0
GRU-LSTM,GRU_score_as_feature,6,jackson,9.9725022315979,0.0016756057739257,96408216.0,140789076.21450067,124.41497802734376,20.06269836425781,455430304.0
GRU-LSTM,GRU_score_as_feature,12,jackson,9.9725022315979,0.0016756057739257,145562400.0,196718932.0750803,141.740234375,25.484840393066406,440780480.0
GRU-LSTM,GRU_score_as_feature,24,jackson,9.9725022315979,0.0016756057739257,160180896.0,246681256.09898812,144.5043182373047,32.753997802734375,693726976.0
GRU-LSTM,GRU_both,1,jackson,9.033487558364868,0.0016515254974365,43477912.0,56930099.921643,106.26636505126952,19.327056884765625,145390640.0
GRU-LSTM,GRU_both,6,jackson,9.033487558364868,0.0016515254974365,79068312.0,124738509.89489616,115.56481170654295,5.99083948135376,493017504.0
GRU-LSTM,GRU_both,12,jackson,9.033487558364868,0.0016515254974365,189444048.0,272023650.18753874,140.797607421875,27.00773429870605,587465088.0
GRU-LSTM,GRU_both,24,jackson,9.033487558364868,0.0016515254974365,193696480.0,276409732.10957783,144.5437469482422,14.23044776916504,679204160.0
SARIMA,SARIMA_raw,1,jackson,5.8042967319488525,0.0194783210754394,79330336.92049284,115558848.20532264,162.3305880504281,140.2118655438013,289510608.4168494
SARIMA,SARIMA_raw,6,jackson,5.8042967319488525,0.0194783210754394,78000891.15919282,115101183.70473713,165.67599103894165,142.6723554281662,289510608.4168494
SARIMA,SARIMA_raw,12,jackson,5.8042967319488525,0.0194783210754394,75346458.16950208,114185950.94096953,165.67599103894148,135.968951663109,289510608.4168494
SARIMA,SARIMA_raw,24,jackson,5.8042967319488525,0.0194783210754394,79878587.9513484,122320671.86148116,170.93641461794329,137.20627487281433,306849389.7487754
XGBoost,XGB_raw,1,jackson,1.2011675834655762,0.0014233589172363,35230528.0,44675409.795734026,92.87830352783205,4.233299255371094,115982968.0
XGBoost,XGB_raw,6,jackson,1.1726312637329102,0.001399278640747,100023600.0,114172750.1175507,129.88262939453125,7.184737682342529,246604528.0
XGBoost,XGB_raw,12,jackson,1.175948143005371,0.0014045238494873,130320792.0,146247743.2668677,142.90457153320312,9.35547161102295,324042208.0
XGBoost,XGB_raw,24,jackson,1.190603256225586,0.0013747215270996,108376592.0,128834596.13279308,144.14459228515625,10.781498908996582,324519456.0
NBEATS,NBEATS_raw,1,jackson,2.64243221282959,2.807645082473755,32272483.992887933,42384929.46448448,108.71847842986566,54.308105862532216,116939150.64000002
NBEATS,NBEATS_raw,6,jackson,2.64243221282959,2.807645082473755,181884837.6862069,220823533.61442733,137.77760649014513,8.824589109294774,543809420.48
NBEATS,NBEATS_raw,12,jackson,2.64243221282959,2.807645082473755,230254978.0137931,256827325.02550867,157.61610308126544,10.240034232415578,538034554.56
NBEATS,NBEATS_raw,24,jackson,2.64243221282959,2.807645082473755,120087134.4,154502407.56834468,138.51567687552577,10.905236252664816,404190416.32000005
NBEATS,NBEATS_mask_out,1,jackson,2.625436782836914,2.789276599884033,35917187.95862069,47393214.24800201,101.31276009819004,26.55216632918481,115946131.76
NBEATS,NBEATS_mask_out,6,jackson,2.625436782836914,2.789276599884033,167733349.71724138,220917416.68431845,129.2970631568186,8.536563454092216,557899573.44
NBEATS,NBEATS_mask_out,12,jackson,2.625436782836914,2.789276599884033,257229315.3758621,284166010.5204281,160.76699016731803,13.053657658935649,516578116.48
NBEATS,NBEATS_mask_out,24,jackson,2.625436782836914,2.789276599884033,99460963.63793103,133116570.58063687,130.66167706397073,9.081079455973212,378773720.9600001
TiDE,TiDE_raw,1,jackson,1.3017845153808594,1.4156835079193115,47358885.2,51087630.1750607,109.96764058831778,3.552034493962299,86440532.56
TiDE,TiDE_raw,6,jackson,1.3017845153808594,1.4156835079193115,62289028.52413793,69569991.70523617,114.8116569265566,5.238641577009484,145078063.68
TiDE,TiDE_raw,12,jackson,1.3017845153808594,1.4156835079193115,69175417.26896551,78987279.45927356,118.74733419755007,6.469033277974354,146827232.96
TiDE,TiDE_raw,24,jackson,1.3017845153808594,1.4156835079193115,98819017.10344829,104551851.54065204,137.71920891973048,8.982363531840535,179193546.88000005
TiDE,TiDE_score_as_feature,1,jackson,1.577174425125122,1.7069048881530762,33878422.97931034,40958516.70256308,92.70019777666108,3.294809689776168,83404934.08000003
TiDE,TiDE_score_as_feature,6,jackson,1.577174425125122,1.7069048881530762,46565409.66896552,53998260.36568067,104.12956012838625,4.456637705134824,124323816.32000002
TiDE,TiDE_score_as_feature,12,jackson,1.577174425125122,1.7069048881530762,67601907.39310345,75343976.1994733,120.72893169417397,6.099286189781673,152050449.60000002
TiDE,TiDE_score_as_feature,24,jackson,1.577174425125122,1.7069048881530762,97536778.70344828,105995865.63908514,135.80806175667794,8.968831971865614,181777632.64
TiDE,TiDE_mask_out,1,jackson,1.335763692855835,1.4398987293243408,49781324.62068965,53429479.17192285,112.25060859135442,3.6993730590696376,89527824.24
TiDE,TiDE_mask_out,6,jackson,1.335763692855835,1.4398987293243408,59594690.37241379,66756037.54308729,113.44742230421106,5.114683329804708,136455751.04000002
TiDE,TiDE_mask_out,12,jackson,1.335763692855835,1.4398987293243408,68861942.86896552,78872350.02046661,118.40487218676628,6.445963540582306,145222610.24
TiDE,TiDE_mask_out,24,jackson,1.335763692855835,1.4398987293243408,99671303.2275862,105199507.9605535,137.90771966909082,9.058850048835318,178065545.60000005
TiDE,TiDE_both,1,jackson,1.5651342868804932,1.6894936561584473,34325509.80689655,40954102.47770358,93.52587630411632,2.102127982808497,83770485.44000001
TiDE,TiDE_both,6,jackson,1.5651342868804932,1.6894936561584473,48640114.67586207,56067728.20522124,105.63581079821904,4.5872781968575,126112483.52000004
TiDE,TiDE_both,12,jackson,1.5651342868804932,1.6894936561584473,68022791.06206897,75951273.14731418,120.8324557843956,6.115447741705235,151033472.96000004
TiDE,TiDE_both,24,jackson,1.5651342868804932,1.6894936561584473,98271305.54482758,104865211.1196268,136.85825212082725,9.032603878737223,175613683.52
GRU-LSTM,GRU_raw,1,jacksonville,8.865768194198608,0.0014741420745849,414889472.0,544987130.9782606,58.75769805908203,0.6288118362426758,1402315904.0
GRU-LSTM,GRU_raw,6,jacksonville,8.865768194198608,0.0014741420745849,399420896.0,550236883.9610826,55.02569580078125,0.7349092364311218,1403845504.0
GRU-LSTM,GRU_raw,12,jacksonville,8.865768194198608,0.0014741420745849,381058944.0,454539913.2484696,67.75119018554688,18.26227188110352,923752128.0
GRU-LSTM,GRU_raw,24,jacksonville,8.865768194198608,0.0014741420745849,299436256.0,393312479.0013479,62.17535018920898,5.039674758911133,916285184.0
GRU-LSTM,GRU_mask_out,1,jacksonville,8.885333776473999,0.0013611316680908,371222464.0,441809610.96765447,54.806678771972656,0.455846756696701,1099358848.0
GRU-LSTM,GRU_mask_out,6,jacksonville,8.885333776473999,0.0013611316680908,396117696.0,486456136.3468894,57.636348724365234,0.5748093724250793,1032925952.0
GRU-LSTM,GRU_mask_out,12,jacksonville,8.885333776473999,0.0013611316680908,346628288.0,416380468.17156166,53.76975631713867,0.908309280872345,932195648.0
GRU-LSTM,GRU_mask_out,24,jacksonville,8.885333776473999,0.0013611316680908,508632032.0,689199708.8974206,75.1900405883789,6.2393879890441895,1612672000.0
GRU-LSTM,GRU_score_as_feature,1,jacksonville,9.00719141960144,0.0014955997467041,371783776.0,472635617.93495744,63.077091217041016,5.367025375366211,1168943616.0
GRU-LSTM,GRU_score_as_feature,6,jacksonville,9.00719141960144,0.0014955997467041,371353248.0,472873916.9430972,56.70626831054688,0.5626340508460999,1105638016.0
GRU-LSTM,GRU_score_as_feature,12,jacksonville,9.00719141960144,0.0014955997467041,303025184.0,369610641.4033989,51.12016677856445,0.8405659198760986,778118976.0
GRU-LSTM,GRU_score_as_feature,24,jacksonville,9.00719141960144,0.0014955997467041,512870752.0,715002962.0137068,74.92525482177734,7.117408275604248,1803763200.0
GRU-LSTM,GRU_both,1,jacksonville,8.965250253677368,0.0014610290527343,346774688.0,415045898.7434786,56.60227966308594,0.5085231065750122,897753280.0
GRU-LSTM,GRU_both,6,jacksonville,8.965250253677368,0.0014610290527343,339007840.0,425635952.3970789,55.025184631347656,0.5012837648391724,936385664.0
GRU-LSTM,GRU_both,12,jacksonville,8.965250253677368,0.0014610290527343,358120640.0,416120015.31505024,56.0130615234375,0.8479843735694885,860078592.0
GRU-LSTM,GRU_both,24,jacksonville,8.965250253677368,0.0014610290527343,429770912.0,566492456.158718,70.0064926147461,6.412092208862305,1275870592.0
SARIMA,SARIMA_raw,1,jacksonville,2.796346426010132,0.0119774341583251,325248133.43227345,433303569.15247935,62.52214245805615,0.69437880998176,1311972066.3921566
SARIMA,SARIMA_raw,6,jacksonville,2.796346426010132,0.0119774341583251,320356260.6622258,431696999.0722164,61.63008707907679,0.6887923510859179,1311972066.3921566
SARIMA,SARIMA_raw,12,jacksonville,2.796346426010132,0.0119774341583251,320583243.8606361,432293667.2335275,63.94203884909698,1.012862989723751,1311972066.3921566
SARIMA,SARIMA_raw,24,jacksonville,2.796346426010132,0.0119774341583251,297210435.5601921,408063706.3168326,77.13025171356318,4.292806639472852,1311972066.3921566
XGBoost,XGB_raw,1,jacksonville,1.248232364654541,0.0014142990112304,136799152.0,188061452.8880784,22.627853393554688,0.0899849757552146,574974016.0
XGBoost,XGB_raw,6,jacksonville,1.2182304859161377,0.0014088153839111,293464512.0,377678435.5520527,44.97710037231445,0.3259759545326233,1070780032.0
XGBoost,XGB_raw,12,jacksonville,1.1883437633514404,0.0014057159423828,328324480.0,399989697.39709455,53.47823333740234,0.732812225818634,917914752.0
XGBoost,XGB_raw,24,jacksonville,1.1709084510803225,0.0013966560363769,315257376.0,370855722.2674636,69.3296890258789,4.7853217124938965,937720512.0
NBEATS,NBEATS_raw,1,jacksonville,2.6827752590179443,2.82220458984375,150544025.93103448,200858486.7346885,28.99572777697762,0.1306794129978546,612026799.6800001
NBEATS,NBEATS_raw,6,jacksonville,2.6827752590179443,2.82220458984375,288272602.97931033,392290498.4661776,49.44044275394132,0.4055036835062865,1156748645.76
NBEATS,NBEATS_raw,12,jacksonville,2.6827752590179443,2.82220458984375,290066377.9862069,367485973.655625,53.50376995093479,0.6904780620959222,1011077451.5200008
NBEATS,NBEATS_raw,24,jacksonville,2.6827752590179443,2.82220458984375,300536437.35172415,378975487.19373727,59.25463178708149,3.691740120538133,1025216988.8000002
NBEATS,NBEATS_mask_out,1,jacksonville,2.702221632003784,2.807465076446533,183062371.91724136,236881949.7388487,34.82477540603167,0.188952575490179,681989549.7600001
NBEATS,NBEATS_mask_out,6,jacksonville,2.702221632003784,2.807465076446533,300486647.9448276,399020786.4202955,53.17380586377506,0.4905007188272093,1117313185.92
NBEATS,NBEATS_mask_out,12,jacksonville,2.702221632003784,2.807465076446533,298339121.8206897,367158780.09885305,54.2037549190554,0.6753117668330514,915521278.4000002
NBEATS,NBEATS_mask_out,24,jacksonville,2.702221632003784,2.807465076446533,299964097.4896552,375986906.56187457,60.16483973142822,3.665099766451636,935028596.48
TiDE,TiDE_raw,1,jacksonville,1.3245573043823242,1.4704504013061523,170807965.5724138,229230607.5904259,31.63179300590755,0.155283254078499,627856750.4000001
TiDE,TiDE_raw,6,jacksonville,1.3245573043823242,1.4704504013061523,241229839.39310345,324018603.1316017,43.29993177356806,0.316407026457496,1016184685.7600003
TiDE,TiDE_raw,12,jacksonville,1.3245573043823242,1.4704504013061523,257450638.4,330773677.7877443,48.06417907557755,0.6162393329019709,932811781.1200006
TiDE,TiDE_raw,24,jacksonville,1.3245573043823242,1.4704504013061523,270798337.9310345,331155161.95062995,60.55731959854104,3.205418342311112,914873173.7600003
TiDE,TiDE_score_as_feature,1,jacksonville,1.5855422019958496,1.7621808052062988,145987605.9586207,197760135.0365422,27.25868797653192,0.1172227117163528,548544895.6800001
TiDE,TiDE_score_as_feature,6,jacksonville,1.5855422019958496,1.7621808052062988,242492687.8344828,322870891.23062307,43.58102661044608,0.3109114803035194,1018567954.8800006
TiDE,TiDE_score_as_feature,12,jacksonville,1.5855422019958496,1.7621808052062988,253043982.8413793,324964308.5639365,47.04617824130143,0.5836436228746648,931964712.9600004
TiDE,TiDE_score_as_feature,24,jacksonville,1.5855422019958496,1.7621808052062988,270847471.6137931,330755859.18831766,60.86074852791116,3.222080518483494,889660424.6400003
TiDE,TiDE_mask_out,1,jacksonville,1.3161840438842771,1.431731939315796,173012376.93793103,232078449.1426747,32.02662820156264,0.1602804584780545,634552343.3600001
TiDE,TiDE_mask_out,6,jacksonville,1.3161840438842771,1.431731939315796,239053552.93793103,321681810.95629376,42.9192962050195,0.3103067161299097,1010028153.2800004
TiDE,TiDE_mask_out,12,jacksonville,1.3161840438842771,1.431731939315796,256833432.0,330121868.735507,47.94506104344137,0.6145096937671151,931484332.8000004
TiDE,TiDE_mask_out,24,jacksonville,1.3161840438842771,1.431731939315796,269693573.9034483,329840926.75205183,60.21265252762432,3.2111953069718417,916409105.9200004
TiDE,TiDE_both,1,jacksonville,1.6296498775482178,1.7129299640655518,146128032.88275862,198086127.55925056,27.32872373785975,0.1182795058951057,551331670.7200001
TiDE,TiDE_both,6,jacksonville,1.6296498775482178,1.7129299640655518,243240560.93793103,323364747.7650987,43.69512866290628,0.3120891655049946,1017718656.9600006
TiDE,TiDE_both,12,jacksonville,1.6296498775482178,1.7129299640655518,255196586.64827585,327438765.0383868,47.514491637651645,0.5921737485165165,932383499.5200005
TiDE,TiDE_both,24,jacksonville,1.6296498775482178,1.7129299640655518,269777625.87586206,329083403.4908391,60.537238677398186,3.223779387550412,883259426.2400004
GRU-LSTM,GRU_raw,1,louisville,10.03357434272766,0.0013296604156494,46263244.0,58292731.66261742,52.28157806396485,0.490988165140152,157192416.0
GRU-LSTM,GRU_raw,6,louisville,10.03357434272766,0.0013296604156494,64610572.0,95441731.94878744,67.16154479980469,0.708591878414154,250793184.0
GRU-LSTM,GRU_raw,12,louisville,10.03357434272766,0.0013296604156494,77787656.0,116709054.6956814,67.86558532714844,0.788963794708252,370586720.0
GRU-LSTM,GRU_raw,24,louisville,10.03357434272766,0.0013296604156494,74829304.0,113193488.1730395,60.754974365234375,1.2831248044967651,359614688.0
GRU-LSTM,GRU_mask_out,1,louisville,10.064289569854736,0.00130295753479,45145644.0,54556026.16773036,50.70937728881836,0.4803371727466583,149357360.0
GRU-LSTM,GRU_mask_out,6,louisville,10.064289569854736,0.00130295753479,55735200.0,87816243.94149446,54.3337516784668,0.59007728099823,239114400.0
GRU-LSTM,GRU_mask_out,12,louisville,10.064289569854736,0.00130295753479,71491192.0,113995299.0816081,61.05652618408203,0.6712698340415955,377076512.0
GRU-LSTM,GRU_mask_out,24,louisville,10.064289569854736,0.00130295753479,68857384.0,111343257.96576422,56.91584396362305,1.220684051513672,366024960.0
GRU-LSTM,GRU_score_as_feature,1,louisville,10.179442167282104,0.0013501644134521,49071308.0,63822144.93774198,58.00191116333008,0.5877489447593689,174566544.0
GRU-LSTM,GRU_score_as_feature,6,louisville,10.179442167282104,0.0013501644134521,59978008.0,89528763.54093494,59.009544372558594,0.5903730988502502,246137360.0
GRU-LSTM,GRU_score_as_feature,12,louisville,10.179442167282104,0.0013501644134521,75734968.0,120156793.28307632,68.00259399414062,4.410768032073975,423223968.0
GRU-LSTM,GRU_score_as_feature,24,louisville,10.179442167282104,0.0013501644134521,75439328.0,121126135.23678978,63.8218994140625,1.2077618837356567,379694752.0
GRU-LSTM,GRU_both,1,louisville,10.121108293533323,0.0013267993927001,48479216.0,62363698.27353397,57.27053451538086,0.5570820569992065,195560960.0
GRU-LSTM,GRU_both,6,louisville,10.121108293533323,0.0013267993927001,57209664.0,91882874.32881355,57.43292999267578,0.5813289284706116,234762768.0
GRU-LSTM,GRU_both,12,louisville,10.121108293533323,0.0013267993927001,67002120.0,113584225.6160847,56.91640853881836,0.6149489283561707,411726144.0
GRU-LSTM,GRU_both,24,louisville,10.121108293533323,0.0013267993927001,67742472.0,115910976.8759274,57.125709533691406,1.138392210006714,398249472.0
SARIMA,SARIMA_raw,1,louisville,8.01402735710144,0.013505220413208,58395675.96400806,71997206.01586287,58.44704015031824,0.7093481197405583,166758029.10715517
SARIMA,SARIMA_raw,6,louisville,8.01402735710144,0.013505220413208,65360019.843178615,97476049.98231836,58.99938258098905,0.7322423953368653,192589422.12000784
SARIMA,SARIMA_raw,12,louisville,8.01402735710144,0.013505220413208,78202605.41013882,117823968.92938092,62.59672722535494,0.8037647911578156,381887534.8491071
SARIMA,SARIMA_raw,24,louisville,8.01402735710144,0.013505220413208,78971134.31039748,118159126.03110464,62.76972465818464,1.3784408595673263,381887534.8491071
XGBoost,XGB_raw,1,louisville,1.0249090194702148,0.0013134479522705,50554220.0,73211316.89056298,50.19130706787109,0.4704947471618652,233389360.0
XGBoost,XGB_raw,6,louisville,0.9616527557373048,0.0013322830200195,54516600.0,93658290.1415491,49.85268783569336,0.5062952041625977,340478496.0
XGBoost,XGB_raw,12,louisville,0.996246099472046,0.0013506412506103,64660100.0,109581125.70711084,53.6977767944336,0.5644189715385437,373358112.0
XGBoost,XGB_raw,24,louisville,0.9703056812286376,0.0013489723205566,68764632.0,114809729.37332807,56.06395721435547,1.1954327821731567,367403264.0
NBEATS,NBEATS_raw,1,louisville,2.6239712238311768,2.783287286758423,39314851.5862069,50672720.17043188,43.54514012897253,0.3612947625167276,140132740.1600001
NBEATS,NBEATS_raw,6,louisville,2.6239712238311768,2.783287286758423,52011935.28275862,79712833.0566362,51.892959406587615,0.5196924350222124,207499886.4000001
NBEATS,NBEATS_raw,12,louisville,2.6239712238311768,2.783287286758423,68882260.96551724,103172246.94153927,64.41304225688054,0.68585743311938,382057785.9200001
NBEATS,NBEATS_raw,24,louisville,2.6239712238311768,2.783287286758423,54482020.66206896,98298145.90420756,47.41900759555664,0.85678459334545,366407709.7600001
NBEATS,NBEATS_mask_out,1,louisville,2.5972280502319336,2.740063190460205,39690677.43448276,50802847.61179815,43.86008139854783,0.3574492748405833,141257941.76000008
NBEATS,NBEATS_mask_out,6,louisville,2.5972280502319336,2.740063190460205,53190416.85517241,80674067.79241817,53.063090504064384,0.5329579457667466,210764028.1600001
NBEATS,NBEATS_mask_out,12,louisville,2.5972280502319336,2.740063190460205,65772862.89655172,99410925.66283388,59.68328722629688,0.6336190230421699,368106770.88000005
NBEATS,NBEATS_mask_out,24,louisville,2.5972280502319336,2.740063190460205,55208781.73793104,97627725.57631454,48.45815376117457,0.8562036337959269,363492032.6400001
TiDE,TiDE_raw,1,louisville,1.3181235790252686,1.4694809913635254,43817438.73103448,55375667.5137537,49.18601048959111,0.421704249955824,164250393.92000014
TiDE,TiDE_raw,6,louisville,1.3181235790252686,1.4694809913635254,51201149.51724138,82141515.61216319,51.91241727791724,0.5074690869655449,224031305.60000008
TiDE,TiDE_raw,12,louisville,1.3181235790252686,1.4694809913635254,62850748.06896552,100716067.2547323,58.3614081104564,0.5989974541167442,378793624.6400001
TiDE,TiDE_raw,24,louisville,1.3181235790252686,1.4694809913635254,58168960.22068965,101671534.25467418,51.701152280327,0.8972201053034249,387825827.84000015
TiDE,TiDE_score_as_feature,1,louisville,1.6001338958740234,1.702601194381714,41292776.33103448,52990615.20348969,46.112260425872655,0.3581673637053475,171091656.00000012
TiDE,TiDE_score_as_feature,6,louisville,1.6001338958740234,1.702601194381714,46474614.12413793,79478920.6979005,46.673185928801786,0.4311727306954135,231458191.2000001
TiDE,TiDE_score_as_feature,12,louisville,1.6001338958740234,1.702601194381714,57664000.28965517,98950549.90401822,52.02250105456711,0.5204646433261605,379930230.0800001
TiDE,TiDE_score_as_feature,24,louisville,1.6001338958740234,1.702601194381714,68210296.3724138,109656478.925245,63.21185630868108,1.0773820192011805,405099826.08
TiDE,TiDE_mask_out,1,louisville,1.3198437690734863,1.4301888942718506,43573327.1724138,54776216.41110612,48.68424486366114,0.4265514048436529,159066107.84000015
TiDE,TiDE_mask_out,6,louisville,1.3198437690734863,1.4301888942718506,51758364.4137931,82921541.48635465,52.29186970451117,0.515463542782999,221242410.2400001
TiDE,TiDE_mask_out,12,louisville,1.3198437690734863,1.4301888942718506,61871052.993103445,99229431.47334182,56.94588777398181,0.5852662542387561,373545665.9200001
TiDE,TiDE_mask_out,24,louisville,1.3198437690734863,1.4301888942718506,57039104.44137931,100175383.42251413,50.59921684576468,0.8804077207136195,381591775.3600001
TiDE,TiDE_both,1,louisville,1.5791826248168943,1.731482982635498,40504855.61379311,52262413.433124594,45.251178542023766,0.3436060585708966,167984904.6400001
TiDE,TiDE_both,6,louisville,1.5791826248168943,1.731482982635498,46378232.386206895,80098148.8820985,46.54790780682746,0.429584817400364,235441254.24000013
TiDE,TiDE_both,12,louisville,1.5791826248168943,1.731482982635498,58245822.427586205,100185899.60697384,52.78866167113973,0.5451567369032007,384727524.8000001
TiDE,TiDE_both,24,louisville,1.5791826248168943,1.731482982635498,68824174.44137931,109550692.99661373,63.67166836481609,1.0872411977554814,403855233.7600001
GRU-LSTM,GRU_raw,1,phoenix,8.864724159240723,0.0013165473937988,50890584.0,61734327.16495807,81.10408782958984,5.398968696594238,118533184.0
GRU-LSTM,GRU_raw,6,phoenix,8.864724159240723,0.0013165473937988,69038304.0,85221514.20002252,98.35148620605467,3.4809484481811523,247503136.0
GRU-LSTM,GRU_raw,12,phoenix,8.864724159240723,0.0013165473937988,70560776.0,89826991.97347149,93.83390808105467,4.772265434265137,238124624.0
GRU-LSTM,GRU_raw,24,phoenix,8.864724159240723,0.0013165473937988,61921096.0,79905915.24130283,110.09523010253906,10.973224639892578,221199168.0
GRU-LSTM,GRU_mask_out,1,phoenix,8.871945858001709,0.0013539791107177,50038588.0,60977702.13871533,77.22000122070312,1.907773852348328,139764288.0
GRU-LSTM,GRU_mask_out,6,phoenix,8.871945858001709,0.0013539791107177,78711992.0,92737483.80723764,93.5134735107422,4.229036808013916,198686816.0
GRU-LSTM,GRU_mask_out,12,phoenix,8.871945858001709,0.0013539791107177,71693472.0,89919520.74485807,94.81450653076172,4.836081504821777,238996704.0
GRU-LSTM,GRU_mask_out,24,phoenix,8.871945858001709,0.0013539791107177,71797120.0,86450383.65255076,111.60608673095705,6.386445045471191,210902768.0
GRU-LSTM,GRU_score_as_feature,1,phoenix,8.954174041748047,0.0013527870178222,47441452.0,56776427.67483167,75.69540405273438,1.98982846736908,120932648.0
GRU-LSTM,GRU_score_as_feature,6,phoenix,8.954174041748047,0.0013527870178222,58394424.0,67331530.59713335,85.19285583496094,3.403167724609375,144282256.0
GRU-LSTM,GRU_score_as_feature,12,phoenix,8.954174041748047,0.0013527870178222,66663628.0,78838524.37192771,93.20252227783205,4.755022048950195,172747520.0
GRU-LSTM,GRU_score_as_feature,24,phoenix,8.954174041748047,0.0013527870178222,82859152.0,94231760.92701484,115.35691833496094,7.151836395263672,195841328.0
GRU-LSTM,GRU_both,1,phoenix,9.464158058166504,0.0017488002777099,49204576.0,61658096.82188045,74.7457504272461,2.3430936336517334,146550368.0
GRU-LSTM,GRU_both,6,phoenix,9.464158058166504,0.0017488002777099,58528856.0,71759529.69169761,85.85028076171875,3.1730992794036865,217013424.0
GRU-LSTM,GRU_both,12,phoenix,9.464158058166504,0.0017488002777099,86410360.0,108243606.2762174,100.16034698486328,5.74321174621582,212856128.0
GRU-LSTM,GRU_both,24,phoenix,9.464158058166504,0.0017488002777099,80093200.0,102439874.82448018,109.14876556396484,7.175608158111572,253288544.0
SARIMA,SARIMA_raw,1,phoenix,4.070867300033569,0.0143589973449707,68906472.4201211,84076946.71773975,83.56452035823165,2.9612488419671594,226244659.18005177
SARIMA,SARIMA_raw,6,phoenix,4.070867300033569,0.0143589973449707,70650551.31055605,85412616.98045798,89.98175623665303,3.758817992298461,226244659.18005177
SARIMA,SARIMA_raw,12,phoenix,4.070867300033569,0.0143589973449707,69600104.15061814,84644879.843582,95.32305915242804,4.385323970091042,226244659.18005177
SARIMA,SARIMA_raw,24,phoenix,4.070867300033569,0.0143589973449707,79641539.68759246,98701910.8713735,111.84111689322742,6.739105424999685,245996472.6885776
XGBoost,XGB_raw,1,phoenix,1.233800172805786,0.0015156269073486,61153376.0,89203117.94918884,71.91627502441406,3.2331702709198,269393216.0
XGBoost,XGB_raw,6,phoenix,1.2122867107391355,0.0013873577117919,78958032.0,112858082.15233745,85.71204376220703,4.36627721786499,329776640.0
XGBoost,XGB_raw,12,phoenix,1.240427017211914,0.0014078617095947,65500328.0,86710065.91307378,91.02411651611328,4.685274124145508,308995264.0
XGBoost,XGB_raw,24,phoenix,1.217170000076294,0.0014796257019042,74458080.0,96768004.07432796,113.0819091796875,6.455198764801025,279847584.0
NBEATS,NBEATS_raw,1,phoenix,2.6984968185424805,2.807631015777588,34956129.56961207,43530803.542557225,60.32996510456009,5.571107465268593,121490546.56000005
NBEATS,NBEATS_raw,6,phoenix,2.6984968185424805,2.807631015777588,44857854.74827586,56271748.86289122,72.26417687503971,4.139722619023379,145719040.32000002
NBEATS,NBEATS_raw,12,phoenix,2.6984968185424805,2.807631015777588,51404941.52068966,67208054.51799662,73.59434051951301,4.131575967527461,175686040.00000006
NBEATS,NBEATS_raw,24,phoenix,2.6984968185424805,2.807631015777588,60334031.66637931,74237100.24245977,88.23766637075714,4.108669223371605,182258430.4
NBEATS,NBEATS_mask_out,1,phoenix,2.609022855758667,2.8759357929229736,33567002.06551724,42659935.12236886,56.05667757223141,1.1281518040489344,113259940.64000002
NBEATS,NBEATS_mask_out,6,phoenix,2.609022855758667,2.8759357929229736,44369305.68275862,57514750.015761584,67.25419030324628,2.1785150204677417,156272083.20000002
NBEATS,NBEATS_mask_out,12,phoenix,2.609022855758667,2.8759357929229736,62566810.59655173,78270279.96119879,81.37556645638345,5.855041789525384,225924086.72000003
NBEATS,NBEATS_mask_out,24,phoenix,2.609022855758667,2.8759357929229736,67494932.74482758,82643716.16561408,92.72368619393744,4.744510156129101,219511708.48
TiDE,TiDE_raw,1,phoenix,1.3891470432281494,1.4076945781707764,49638926.75862069,55273874.02743893,72.41797967172808,1.4372534864767736,104373587.52
TiDE,TiDE_raw,6,phoenix,1.3891470432281494,1.4076945781707764,50942143.80689655,57214386.938341625,74.31041251377647,2.27293022379284,107583019.2
TiDE,TiDE_raw,12,phoenix,1.3891470432281494,1.4076945781707764,47725451.36551725,55229625.57113302,76.56567083721076,2.627762015012617,123029070.72000004
TiDE,TiDE_raw,24,phoenix,1.3891470432281494,1.4076945781707764,49634875.36551725,58050671.86861806,85.90984010077679,3.935633252384042,126933261.12
TiDE,TiDE_score_as_feature,1,phoenix,1.6209063529968262,1.7127673625946045,45275503.44827586,54854994.33706362,68.04432859703662,1.2824848070496215,111619842.4
TiDE,TiDE_score_as_feature,6,phoenix,1.6209063529968262,1.7127673625946045,46853957.79310345,54207024.28675392,70.4656210247455,2.21411410933001,112395806.4
TiDE,TiDE_score_as_feature,12,phoenix,1.6209063529968262,1.7127673625946045,44560483.39310345,52834934.201265305,73.3810261743484,2.59652567832862,126165230.72
TiDE,TiDE_score_as_feature,24,phoenix,1.6209063529968262,1.7127673625946045,51944777.76551724,59317980.66247632,87.64339817661777,4.039022249078327,124436704.32
TiDE,TiDE_mask_out,1,phoenix,1.382927656173706,1.4558398723602295,49475497.35172414,54766988.87269039,71.9880331084781,1.4781829905829964,99530756.16
TiDE,TiDE_mask_out,6,phoenix,1.382927656173706,1.4558398723602295,50888067.089655176,56961286.27388237,74.39696973702212,2.2678483933671147,105532587.52
TiDE,TiDE_mask_out,12,phoenix,1.382927656173706,1.4558398723602295,48031708.24827586,55846464.87624316,76.66245326944217,2.65939023063222,124174132.48000003
TiDE,TiDE_mask_out,24,phoenix,1.382927656173706,1.4558398723602295,49415792.35862069,57821668.56762157,85.82742311930868,3.9081791681371616,127275888.96
TiDE,TiDE_both,1,phoenix,1.6020970344543457,1.697749137878418,44714959.42068966,54396821.78251663,67.32670435033789,1.2908442474176365,109795989.44
TiDE,TiDE_both,6,phoenix,1.6020970344543457,1.697749137878418,46898090.37241379,53791199.4454951,70.72126220271478,2.1971787925389625,109984209.6
TiDE,TiDE_both,12,phoenix,1.6020970344543457,1.697749137878418,44618635.33793104,52858071.937309645,73.4289787888905,2.5986072854340048,125668971.2
TiDE,TiDE_both,24,phoenix,1.6020970344543457,1.697749137878418,51414971.06206897,58895479.5887248,87.33312073683524,4.003045140904135,125539684.48
GRU-LSTM,GRU_raw,1,reno,4.117047309875488,0.0014894008636474,32739938.0,43397790.934690855,46.974266052246094,0.3458404541015625,139503200.0
GRU-LSTM,GRU_raw,6,reno,4.117047309875488,0.0014894008636474,44525876.0,59421614.88850036,56.196533203125,0.5166448354721069,165783680.0
GRU-LSTM,GRU_raw,12,reno,4.117047309875488,0.0014894008636474,47721956.0,59820407.221254654,60.59658432006836,0.5684993267059326,162811920.0
GRU-LSTM,GRU_raw,24,reno,4.117047309875488,0.0014894008636474,27099706.0,37190474.63773615,39.00318908691406,0.257889837026596,106092112.0
GRU-LSTM,GRU_mask_out,1,reno,4.063071012496948,0.0013110637664794,51701876.0,64758895.26342017,66.73584747314453,0.6304272413253784,176636464.0
GRU-LSTM,GRU_mask_out,6,reno,4.063071012496948,0.0013110637664794,48377740.0,60839949.47776469,61.18419647216797,0.5546335577964783,166490272.0
GRU-LSTM,GRU_mask_out,12,reno,4.063071012496948,0.0013110637664794,49569348.0,61561946.33383815,62.64316940307617,0.622445285320282,160730000.0
GRU-LSTM,GRU_mask_out,24,reno,4.063071012496948,0.0013110637664794,44262108.0,56029341.9528441,58.1599235534668,0.532658040523529,159113808.0
GRU-LSTM,GRU_score_as_feature,1,reno,4.136500597000122,0.0014035701751708,33411594.0,46481802.14989742,46.01036834716797,0.335076242685318,139256400.0
GRU-LSTM,GRU_score_as_feature,6,reno,4.136500597000122,0.0014035701751708,45896424.0,57231469.60032447,57.785892486572266,0.5183473229408264,156936368.0
GRU-LSTM,GRU_score_as_feature,12,reno,4.136500597000122,0.0014035701751708,47776932.0,61210400.34220381,61.30170822143555,0.5544408559799194,173521584.0
GRU-LSTM,GRU_score_as_feature,24,reno,4.136500597000122,0.0014035701751708,32380762.0,41307864.12030871,45.71144104003906,0.3363150656223297,133321544.0
GRU-LSTM,GRU_both,1,reno,4.405130863189697,0.0013885498046875,33049420.0,46305591.41089448,45.80924606323242,0.3176580369472503,142755616.0
GRU-LSTM,GRU_both,6,reno,4.405130863189697,0.0013885498046875,48447724.0,60201284.07710015,61.54950714111328,0.5651845932006836,162908880.0
GRU-LSTM,GRU_both,12,reno,4.405130863189697,0.0013885498046875,43702848.0,57718202.03602576,54.95404052734375,0.4590041637420654,162791728.0
GRU-LSTM,GRU_both,24,reno,4.405130863189697,0.0013885498046875,26643904.0,34327854.39069748,38.322513580322266,0.235721081495285,105118784.0
SARIMA,SARIMA_raw,1,reno,2.157699584960937,0.0122818946838378,80771043.70609535,100244200.43670048,195.85592105427688,300.8849793501057,241492792.3199999
SARIMA,SARIMA_raw,6,reno,2.157699584960937,0.0122818946838378,82469497.3143428,101084191.94356802,195.8559210542768,302.19620995435724,241492792.3199999
SARIMA,SARIMA_raw,12,reno,2.157699584960937,0.0122818946838378,82478981.85042526,101158713.7654385,195.8559210542768,302.007970897597,241492792.3199999
SARIMA,SARIMA_raw,24,reno,2.157699584960937,0.0122818946838378,82224783.53934784,100102656.66462769,199.98722917367425,319.9571203009484,241492792.3199999
XGBoost,XGB_raw,1,reno,0.7625288963317871,0.0013415813446044,17958266.0,24496740.200693805,25.608301162719727,0.1041742041707038,80895048.0
XGBoost,XGB_raw,6,reno,0.8274381160736084,0.0014173984527587,25887184.0,35518620.761459984,36.08245849609375,0.2444817125797271,108835360.0
XGBoost,XGB_raw,12,reno,0.8119678497314453,0.0012567043304443,28282304.0,40802954.84618691,36.42322540283203,0.3185402750968933,131375568.0
XGBoost,XGB_raw,24,reno,0.8063905239105225,0.0012738704681396,18488400.0,24582121.39230819,29.32630729675293,0.1646495759487152,86019376.0
NBEATS,NBEATS_raw,1,reno,2.6287600994110107,2.7225117683410645,18465179.06896552,26845086.134938188,32.84807264698715,0.2440620899086046,72575711.52000001
NBEATS,NBEATS_raw,6,reno,2.6287600994110107,2.7225117683410645,22212599.795689654,30145455.73242023,41.28115013399911,4.48921617904904,100684454.72
NBEATS,NBEATS_raw,12,reno,2.6287600994110107,2.7225117683410645,24784195.975862067,33102984.807870444,44.39458203446181,2.48130775250547,101190289.96000004
NBEATS,NBEATS_raw,24,reno,2.6287600994110107,2.7225117683410645,18589184.99137931,27264048.101184744,37.6325343614262,2.5451242760225856,92702769.92000002
NBEATS,NBEATS_mask_out,1,reno,2.6719284057617188,2.800316572189331,19516239.25862069,27876922.608594235,34.11917118425619,0.2399273594942081,77783194.40000004
NBEATS,NBEATS_mask_out,6,reno,2.6719284057617188,2.800316572189331,22347161.812931035,30918797.14675485,41.85437213102879,2.347151114202104,107756160.32000004
NBEATS,NBEATS_mask_out,12,reno,2.6719284057617188,2.800316572189331,24937416.906034485,34837498.51742513,43.008572991888194,0.4186736186765707,111316348.96000004
NBEATS,NBEATS_mask_out,24,reno,2.6719284057617188,2.800316572189331,18688406.77801724,26809026.788236056,36.90276155211733,0.5626581954379595,88987804.96000001
TiDE,TiDE_raw,1,reno,1.3353581428527832,1.4112496376037598,31373262.620689657,46740567.9785435,53.63357080769118,6.08998937582367,158493252.48000002
TiDE,TiDE_raw,6,reno,1.3353581428527832,1.4112496376037598,43677676.69310345,65140198.39325803,64.57658309566429,3.094827018357737,199760902.88000005
TiDE,TiDE_raw,12,reno,1.3353581428527832,1.4112496376037598,42353486.862068966,60508715.46434548,61.3177104882919,0.6446627268985998,191388109.92000005
TiDE,TiDE_raw,24,reno,1.3353581428527832,1.4112496376037598,33293492.910344828,48752934.95344822,46.11362638323937,0.3472867687716178,146218541.12000003
TiDE,TiDE_score_as_feature,1,reno,1.6060621738433838,1.763705492019653,25290855.181896552,38426139.58529797,43.830832808710056,2.270677313578034,136646784.3200001
TiDE,TiDE_score_as_feature,6,reno,1.6060621738433838,1.763705492019653,42437374.13793104,63531484.67851199,61.66565246497918,0.7454045183438822,185123408.48
TiDE,TiDE_score_as_feature,12,reno,1.6060621738433838,1.763705492019653,31274070.296551723,44499188.4242478,45.96456002247159,0.3366661239140531,144344589.12000006
TiDE,TiDE_score_as_feature,24,reno,1.6060621738433838,1.763705492019653,41820599.72413793,59226644.06523072,58.21971393177648,0.5607722038222521,176252916.32000002
TiDE,TiDE_mask_out,1,reno,1.3262226581573486,1.4656267166137695,31188699.393103447,47664304.47590868,53.11495099307191,6.101681040104539,161309270.4
TiDE,TiDE_mask_out,6,reno,1.3262226581573486,1.4656267166137695,42751802.79310345,65191561.65080423,62.70704745972494,0.899825522638201,199840867.04000005
TiDE,TiDE_mask_out,12,reno,1.3262226581573486,1.4656267166137695,42193474.28965517,58708946.59103943,61.23171057307272,0.6050681298226819,185060470.88000005
TiDE,TiDE_mask_out,24,reno,1.3262226581573486,1.4656267166137695,32771720.13793104,47153076.84035464,45.98895476575976,0.3385122527881008,142309613.12000003
TiDE,TiDE_both,1,reno,1.574592351913452,1.71882963180542,25601273.774568964,39928730.45585755,43.289413448224565,0.4845510477756058,142358488.6400001
TiDE,TiDE_both,6,reno,1.574592351913452,1.71882963180542,42685057.56551724,63764688.3832831,61.81711382208135,0.747944672212828,184922968.16000003
TiDE,TiDE_both,12,reno,1.574592351913452,1.71882963180542,32666170.344827585,46357788.1950398,47.79723764535167,0.3630254133212684,149690721.92000005
TiDE,TiDE_both,24,reno,1.574592351913452,1.71882963180542,41839437.90344828,58047237.439603455,58.462309114273694,0.5494599657576567,173329555.04000002
PatchTST,PatchTST_raw,1,atlanta,0.3427653312683105,0.4638824462890625,130906107.9724138,189398498.33825845,88.39738792752959,47.59710383595297,588376183.6800001
PatchTST,PatchTST_raw,6,atlanta,0.3427653312683105,0.4638824462890625,160084630.59655172,201787038.14409885,89.57743044240193,18.13421209214076,450304981.76
PatchTST,PatchTST_raw,12,atlanta,0.3427653312683105,0.4638824462890625,160391287.45172414,213591469.9224352,93.72285677896838,15.712153412760292,642133865.6000001
PatchTST,PatchTST_raw,24,atlanta,0.3427653312683105,0.4638824462890625,157595628.4413793,182950610.3047107,95.49185918536443,4.219320995045697,397714775.68
PatchTST,PatchTST_mask_out,1,atlanta,0.3291118144989013,0.4758541584014892,165369883.86206895,239619804.60674083,119.25768026380536,129.0758843615565,804624823.6800002
PatchTST,PatchTST_mask_out,6,atlanta,0.3291118144989013,0.4758541584014892,142997012.16551724,182504156.80938515,91.8222982431614,35.63799373414971,498541532.8000001
PatchTST,PatchTST_mask_out,12,atlanta,0.3291118144989013,0.4758541584014892,201912152.7580415,276246631.3678527,122.82616315563372,76.74316236053409,917152815.6225004
PatchTST,PatchTST_mask_out,24,atlanta,0.3291118144989013,0.4758541584014892,156330291.1965517,197271081.03407103,92.26454692420909,3.975241067219367,427966243.2
PatchTST,PatchTST_raw,1,batonrouge,0.3451323509216308,0.4781990051269531,129875421.73706897,215057964.9238132,76.98313878812382,40.3326669579905,701905304.64
PatchTST,PatchTST_raw,6,batonrouge,0.3451323509216308,0.4781990051269531,197586033.17586207,326645874.1292091,82.82743031474574,21.274051517950653,1250885534.4000003
PatchTST,PatchTST_raw,12,batonrouge,0.3451323509216308,0.4781990051269531,235204180.84827587,381144234.0484328,88.7158821736572,23.38078718235425,1404771600.9600008
PatchTST,PatchTST_raw,24,batonrouge,0.3451323509216308,0.4781990051269531,200162954.72413796,315232058.07019794,90.92305231241794,11.431656929756262,1201691959.5200005
PatchTST,PatchTST_mask_out,1,batonrouge,0.3610889911651611,0.4814984798431396,130639536.03448276,211306777.95514905,74.04629667736685,37.97515506898176,677870388.8000001
PatchTST,PatchTST_mask_out,6,batonrouge,0.3610889911651611,0.4814984798431396,128011468.0551724,230774950.35259128,60.33419796992506,0.7809937967133812,962065740.8000004
PatchTST,PatchTST_mask_out,12,batonrouge,0.3610889911651611,0.4814984798431396,232299273.38189656,373224508.9840743,85.38092399001428,15.782805511033697,1337237856.3200006
PatchTST,PatchTST_mask_out,24,batonrouge,0.3610889911651611,0.4814984798431396,137905758.6965517,236279995.6721683,83.74331708201319,15.362791346052353,992504279.0400004
PatchTST,PatchTST_raw,1,boston,0.3233563899993896,0.4740118980407715,23190906.878017243,32800085.14753014,129.32196077077117,65.16354569848363,78506771.2
PatchTST,PatchTST_raw,6,boston,0.3233563899993896,0.4740118980407715,19684538.38103448,24170383.94340684,141.77942981587728,60.109813080588566,58499209.44000002
PatchTST,PatchTST_raw,12,boston,0.3233563899993896,0.4740118980407715,15180836.334893588,27625972.23925033,158.3289227466037,145.03122150798,94540575.36000004
PatchTST,PatchTST_raw,24,boston,0.3233563899993896,0.4740118980407715,17336674.9125,32763594.367958628,155.46359167651684,128.305313592832,135743769.28000003
PatchTST,PatchTST_mask_out,1,boston,0.3391656875610351,0.4766168594360351,20207318.567672413,24714570.54804823,132.40375905962506,64.06693000988689,61773661.12000003
PatchTST,PatchTST_mask_out,6,boston,0.3391656875610351,0.4766168594360351,16554674.94137931,21538811.49855256,121.4739427332524,50.637406708565216,56359924.16
PatchTST,PatchTST_mask_out,12,boston,0.3391656875610351,0.4766168594360351,13489728.795689655,22455019.591343965,136.9583209226687,100.52414479691537,80671301.76000006
PatchTST,PatchTST_mask_out,24,boston,0.3391656875610351,0.4766168594360351,14053727.522844829,25322957.74210804,150.1536854747814,123.25363284224323,98086111.68000004
PatchTST,PatchTST_raw,1,dallas,0.3234164714813232,0.4560773372650146,173981768.0551724,201142752.34796068,199.53031139034172,351.9140935274244,404669600.0
PatchTST,PatchTST_raw,6,dallas,0.3234164714813232,0.4560773372650146,150592137.87068966,194722684.0681644,75.55198806545013,21.00361318911919,509439498.24000007
PatchTST,PatchTST_raw,12,dallas,0.3234164714813232,0.4560773372650146,173809824.47586206,201019028.26550868,198.6509876802286,349.91741680120606,404669600.0
PatchTST,PatchTST_raw,24,dallas,0.3234164714813232,0.4560773372650146,97302626.09655172,126477928.40799384,54.51385765885587,7.982401949174965,324101327.36000013
PatchTST,PatchTST_mask_out,1,dallas,0.3272755146026611,0.4726042747497558,163377735.12586206,188588063.94995207,188.84456108618605,305.9778636931207,404669600.0
PatchTST,PatchTST_mask_out,6,dallas,0.3272755146026611,0.4726042747497558,170870920.3862069,200098422.80056733,192.5122356204932,335.529340411107,404669600.0
PatchTST,PatchTST_mask_out,12,dallas,0.3272755146026611,0.4726042747497558,174533827.58620688,201384511.9292941,200.0,354.7414887224504,404669600.0
PatchTST,PatchTST_mask_out,24,dallas,0.3272755146026611,0.4726042747497558,137720028.90344828,172144419.56823742,68.2944074154786,10.51912951874936,459396209.28
PatchTST,PatchTST_raw,1,elpaso,0.3259637355804443,0.4592857360839844,51327896.94137931,69601872.04145917,62.09200612593783,22.27995122948996,180018977.44
PatchTST,PatchTST_raw,6,elpaso,0.3259637355804443,0.4592857360839844,60989448.96551724,72884784.93195693,64.61463680751399,2.084821806363115,150779329.6
PatchTST,PatchTST_raw,12,elpaso,0.3259637355804443,0.4592857360839844,115084007.9724138,140132030.52140856,112.57780767780169,53.92892650173064,298478938.88000005
PatchTST,PatchTST_raw,24,elpaso,0.3259637355804443,0.4592857360839844,73824609.18620689,85660438.58432539,84.39261886816031,4.400437273709034,185001289.28
PatchTST,PatchTST_mask_out,1,elpaso,0.3338320255279541,0.4787416458129883,47534237.02413793,63848993.11391257,59.32821888651155,14.494874409978587,162005491.36
PatchTST,PatchTST_mask_out,6,elpaso,0.3338320255279541,0.4787416458129883,60240944.79655173,74190879.6919264,70.48168678889411,8.43707025779348,178462473.60000005
PatchTST,PatchTST_mask_out,12,elpaso,0.3338320255279541,0.4787416458129883,108531219.14137933,132356948.13191144,107.61397324204506,37.03596135224304,281698046.7200001
PatchTST,PatchTST_mask_out,24,elpaso,0.3338320255279541,0.4787416458129883,74884588.46896552,86580583.0831545,84.82879423956298,4.462144791522025,179944221.44
PatchTST,PatchTST_raw,1,jackson,0.3217778205871582,0.4639971256256103,38820949.54137931,57959808.57321899,156.33088785434288,170.70182376721138,171138278.40000004
PatchTST,PatchTST_raw,6,jackson,0.3217778205871582,0.4639971256256103,63949698.28965517,78294914.77817766,120.56176895461694,22.245921631296003,196245084.48
PatchTST,PatchTST_raw,12,jackson,0.3217778205871582,0.4639971256256103,51133837.92413793,65092797.23726704,144.6274924296179,88.82703306353746,152577125.12
PatchTST,PatchTST_raw,24,jackson,0.3217778205871582,0.4639971256256103,71389349.82068965,82254734.50465073,131.32226116793083,6.673554045501123,163173538.88000005
PatchTST,PatchTST_mask_out,1,jackson,0.3139216899871826,0.4794895648956299,35909462.42423896,52529512.50111053,144.21433515135803,140.08845705494244,143195680.00000003
PatchTST,PatchTST_mask_out,6,jackson,0.3139216899871826,0.4794895648956299,41958642.30689655,52268015.21043855,106.34763547496082,14.388663858674413,123377659.52
PatchTST,PatchTST_mask_out,12,jackson,0.3139216899871826,0.4794895648956299,60164384.386206895,74733675.13801108,121.4069010117588,16.82181928378789,158179978.56
PatchTST,PatchTST_mask_out,24,jackson,0.3139216899871826,0.4794895648956299,41193814.84482759,57871619.1228796,115.99880094226458,35.01428278143616,171668677.44000003
PatchTST,PatchTST_raw,1,jacksonville,0.3095982074737549,0.455315351486206,169456745.15172413,244267122.82238227,34.20320222609232,2.903932645680906,874676043.2000006
PatchTST,PatchTST_raw,6,jacksonville,0.3095982074737549,0.455315351486206,282366546.1448276,369173058.3163808,54.93116752780111,3.038978837447998,1109650486.7200005
PatchTST,PatchTST_raw,12,jacksonville,0.3095982074737549,0.455315351486206,349094985.537931,432644056.5248904,62.48433256857919,3.7313021790742753,1223571268.1600003
PatchTST,PatchTST_raw,24,jacksonville,0.3095982074737549,0.455315351486206,377616394.0827586,468031956.4774973,99.42392420352446,38.03372008573313,1276567423.4
PatchTST,PatchTST_mask_out,1,jacksonville,0.3203294277191162,0.4583649635314941,170665113.9275862,245034416.60750437,35.820720876196944,8.059335177615758,871040832.9600006
PatchTST,PatchTST_mask_out,6,jacksonville,0.3203294277191162,0.4583649635314941,332400812.2788793,433152350.2862704,77.80490456482964,15.821595167022274,1138128144.6400003
PatchTST,PatchTST_mask_out,12,jacksonville,0.3203294277191162,0.4583649635314941,297468370.15172416,376398674.89411765,56.05777331481276,0.8590081716017934,1134072447.3600008
PatchTST,PatchTST_mask_out,24,jacksonville,0.3203294277191162,0.4583649635314941,303403762.7034483,364674882.2784766,69.66420925412017,3.3310044105070027,916035536.3200004
PatchTST,PatchTST_raw,1,louisville,0.3500313758850097,0.4746479988098144,47892409.48561423,64189933.72877121,64.21213856334514,15.81092145073756,189786284.84000012
PatchTST,PatchTST_raw,6,louisville,0.3500313758850097,0.4746479988098144,70733141.71142241,91197570.90609851,85.85877140111728,33.097716132997164,278178880.3200001
PatchTST,PatchTST_raw,12,louisville,0.3500313758850097,0.4746479988098144,107700265.20301723,133926368.53787084,110.43345946240856,49.99208557707994,381659506.2400003
PatchTST,PatchTST_raw,24,louisville,0.3500313758850097,0.4746479988098144,59218174.75862069,99081586.502925,52.09830510703216,0.9412800182134782,366584870.4
PatchTST,PatchTST_mask_out,1,louisville,0.3289475440979004,0.4739820957183838,58468378.03448276,69628323.40253551,62.81890444095444,3.106199906284017,154870216.64000008
PatchTST,PatchTST_mask_out,6,louisville,0.3289475440979004,0.4739820957183838,61426773.13275862,92451534.79786593,59.71866237450535,3.583875474420641,210135244.8000002
PatchTST,PatchTST_mask_out,12,louisville,0.3289475440979004,0.4739820957183838,51710363.02758621,92050576.18053004,46.457956682044426,0.4515997046919139,360656967.3600002
PatchTST,PatchTST_mask_out,24,louisville,0.3289475440979004,0.4739820957183838,67158148.16551724,101896255.01963992,58.9734732113434,1.065989505238126,376716766.72
PatchTST,PatchTST_raw,1,phoenix,0.3310844898223877,0.4623849391937256,44572981.779310346,61185064.07011368,90.36908163079512,45.61779222703941,157118930.48000002
PatchTST,PatchTST_raw,6,phoenix,0.3310844898223877,0.4623849391937256,58360835.27586207,72112979.8332035,85.88159019998682,15.3943776945235,138344682.48
PatchTST,PatchTST_raw,12,phoenix,0.3310844898223877,0.4623849391937256,66050097.91724138,77965290.2579548,103.9548089993166,25.4224833300736,153419508.4
PatchTST,PatchTST_raw,24,phoenix,0.3310844898223877,0.4623849391937256,63847288.16551724,71389870.14716443,97.14395368355632,4.361297470014007,126325824.0
PatchTST,PatchTST_mask_out,1,phoenix,0.3295810222625732,0.4471786022186279,49529546.427586205,65176318.67080668,104.66824663944972,81.13621725776386,166371748.4
PatchTST,PatchTST_mask_out,6,phoenix,0.3295810222625732,0.4471786022186279,59602898.64827586,73260143.76916368,90.86530415372674,13.939789951777271,154269281.76000002
PatchTST,PatchTST_mask_out,12,phoenix,0.3295810222625732,0.4471786022186279,77909435.73793103,91887581.81608576,118.55132290083851,45.255407447256175,175592716.8
PatchTST,PatchTST_mask_out,24,phoenix,0.3295810222625732,0.4471786022186279,56721804.02758621,63489367.72401336,92.47616882244046,4.024148419931912,118598100.16
PatchTST,PatchTST_raw,1,reno,0.3292915821075439,0.4535880088806152,163411756.88706896,288950103.16009307,157.46829825907662,161.7847130944824,971633885.4400004
PatchTST,PatchTST_raw,6,reno,0.3292915821075439,0.4535880088806152,48065794.93922414,69912423.53286219,98.01965234852386,65.4878593159641,218071349.60000008
PatchTST,PatchTST_raw,12,reno,0.3292915821075439,0.4535880088806152,41370773.23103448,56798565.09675349,61.85320912654648,0.6706890174669161,157922916.64000002
PatchTST,PatchTST_raw,24,reno,0.3292915821075439,0.4535880088806152,39064540.96551724,50122889.32887211,59.22647507749892,0.717976384545816,144101374.72000003
PatchTST,PatchTST_mask_out,1,reno,0.330911636352539,0.4737179279327392,33196058.95,50103286.30160171,59.445944305581776,23.33087254525667,156423351.36
PatchTST,PatchTST_mask_out,6,reno,0.330911636352539,0.4737179279327392,44549441.25301724,66539839.07462834,84.55110427066961,37.695352547750026,205757498.64000008
PatchTST,PatchTST_mask_out,12,reno,0.330911636352539,0.4737179279327392,46385611.427586205,61772444.90869951,63.2963154112971,0.6951247155655419,164413840.32000002
PatchTST,PatchTST_mask_out,24,reno,0.330911636352539,0.4737179279327392,26072166.379310343,35726211.351863794,39.40892959287411,0.2714147855253038,116131932.8
